artist_id,artist_name,artist_followers,artist_genres,artist_popularity
5japL3H3OQvvJfhtsNh3eU,Teya Dora,35550,[],61
7LbEDjJKrmWoMcN3OpaNnR,Daniel Pemberton,82553,"['british soundtrack', 'orchestral soundtrack', 'soundtrack']",66
4X8gYCkPmSxnIteMWbSFi1,8inch meyus,577,[],32
6JFaTYyfO9VRWnlC3ypYJh,YOUNGX777,11775,[],55
7tmMPdOmFvdRvbj2aWoiRi,Jovanotti,2498993,"['italian adult pop', 'italian pop']",60
0qts5zYDAeK8dBmrdF2Zwq,Drillionaire,38575,['italian hip hop'],69
62C5P1caRIK12ndTkzNJjA,Noemi,576737,"['italian adult pop', 'italian pop']",54
0jdNdfi4vAuVi7a6cPDFBM,Lazza,1664070,"['italian hip hop', 'italian pop', 'rap genovese', 'trap italiana']",75
1AgAVqo74e2q4FVvg0xpT7,Tedua,1502740,"['indie liguria', 'italian hip hop', 'italian pop', 'rap genovese', 'trap italiana']",74
40LhqyLxAdaQBBXZ1P8Ga9,Treyarch,55212,['video game music'],36
6qFEVczpjXakMuKcI5BBdc,Malukah,99394,['scorecore'],46
0ttsFiIQxBWmfS1JPgTZ6o,Jack Wall,37974,['video game music'],47
6HYyeW4R4oZbUvkjG7t3qH,Owsey,25383,['chillstep'],43
3hBQ4zniNdQf1cqqo6hzuW,Salmo,2390569,"['italian hip hop', 'italian pop', 'italian underground hip hop', 'rap sardegna']",67
5SulO4l40qDuV9zUGLZx7n,Capo Plaza,3596713,"['italian hip hop', 'italian pop', 'trap italiana']",71
7dGJo4pcD2V6oG8kP0tJRR,Eminem,74697576,"['detroit hip hop', 'hip hop', 'rap']",88
3q7HBObVc0L8jNeTe5Gofh,50 Cent,11988639,"['east coast hip hop', 'gangster rap', 'hip hop', 'pop rap', 'queens hip hop', 'rap']",81
1Oa0bMld0A3u5OTYfMzp5h,Nate Dogg,1468544,"['g funk', 'gangster rap', 'hardcore hip hop', 'hip hop', 'rap', 'west coast rap']",74
7zPS3i8YJBNeDcqXUHfCMr,AVA,55570,"['italian hip hop', 'trap italiana']",65
7K80yOTC0Id95gRaOxDG5u,ANNA,222083,"['italian hip hop', 'italian pop']",69
2ye2Wgw4gimLv2eAKyk1NB,Metallica,25530191,"['hard rock', 'metal', 'old school thrash', 'rock', 'thrash metal']",80
5H4yInM5zmHqpKIoMNAx4r,Central Cee,3660521,['melodic drill'],82
0iEtIxbK0KxaSlF7G42ZOp,Metro Boomin,5248915,"['hip hop', 'rap']",88
1zNqQNIdeOUZHb8zbZRFMX,Swae Lee,1773634,"['melodic rap', 'rap', 'trap']",81
7rkW85dBwwrJtlHRDkJDAC,NAV,3354748,"['canadian hip hop', 'canadian trap', 'melodic rap', 'rap', 'trap']",75
31W5EY0aAly4Qieq6OFu6I,A Boogie Wit da Hoodie,7605591,"['melodic rap', 'rap', 'trap']",80
6n9sdNb7mWvVmARDT6ujnJ,Memphis Cult,43038,['memphis phonk'],54
1dQwH3oZGmOTF94MzOwZY8,NEXNCLXUD,348,['memphis phonk'],36
5y8tKLUfMvliMe8IKamR32,d4vd,1509885,"['bedroom pop', 'bedroom r&b']",77
5gCRApTajqwbnHHPbr2Fpi,Juicy J,3109879,"['crunk', 'memphis hip hop', 'pop rap', 'rap', 'southern hip hop', 'trap']",72
137W8MRPWKqSmrBGDBFSop,Wiz Khalifa,11150889,"['hip hop', 'pittsburgh rap', 'pop rap', 'rap', 'southern hip hop', 'trap']",79
7c0XG5cIJTrrAgEC3ULPiq,Ty Dolla $ign,4696639,"['hip hop', 'pop rap', 'r&b', 'southern hip hop', 'trap', 'trap soul']",78
3qnMl4DHT4gndzFAcG4FlM,Kill The Noise,420282,"['brostep', 'edm', 'electro house', 'fidget house']",53
23rBupd4zSysh9lAzsSFb0,Madsonik,3841,[],45
6FAo7ORAHEzSSf5q10LLfN,Lil Mabu,608151,['meme'],69
7bPs6jf983f0bjRAt1yxDM,Patrick Watson,598000,"['indie folk', 'indie quebecois']",68
15UsOTVnJzReFVN1VCnxy4,XXXTENTACION,42524801,"['emo rap', 'miami hip hop']",84
5CE2IfdYZEQGIDsfiRm8SI,DJ Shadow,571518,"['downtempo', 'electronica', 'instrumental hip hop', 'trip hop']",61
0Mz5XE0kb1GBnbLQm2VbcO,Mos Def,1384506,"['conscious hip hop', 'east coast hip hop', 'hip hop']",62
1t20wYnTiAT0Bs7H1hv9Wt,EDEN,970743,['indie poptimism'],58
1xsYReh7zhty26wD4tprKh,Chris Nolan,15681,['italian hip hop'],55
2hlmm7s2ICUX0LVIhVFlZQ,Gunna,5646271,"['atl hip hop', 'melodic rap', 'rap', 'trap']",84
0gLF7r8Rf7Ecs6ilnUJPzx,Dwayne Terore,25,[],3
56gKAiKyXpud1eozj9TQkY,Kachiro,3,[],3
6fOMl44jA4Sp5b9PpYCkzz,NF,8782623,"['hip hop', 'pop rap']",79
46SHBwWsqBkxI7EeeBEQG7,Kodak Black,9565164,"['florida drill', 'florida rap', 'melodic rap', 'miami hip hop', 'rap', 'trap', 'trap latino']",80
0ErzCpIMyLcjPiwT4elrtZ,NLE Choppa,6525569,"['memphis hip hop', 'rap']",79
1oSPZhvZMIrWW5I41kPkkY,Jimin,6254473,['k-pop'],83
164Uj4eKjl6zTBKfJLFKKK,JVKE,2851921,"['modern indie pop', 'pov: indie', 'singer-songwriter pop']",78
7tjVFCxJdwT4NdrTmjyjQ6,Muni Long,274932,['indie r&b'],72
1lpOgw56wZLDa8gaP6bSIs,Fast & Furious: The Fast Saga,60279,['soundtrack'],75
2bdcBjvuI9worc472GbeU0,Samuel Kim,304089,['anime lo-fi'],61
3f0oZnKV2b5N8TDBnSGEOL,Blake el Diablo,6947,[],39
2KFO9fDMwB1SPoY3yMBT9S,CxS,582,[],12
5D13YXAC5JJNkYDe5TPjAE,KT.$PAZZIN,2,[],11
0qT79UgT5tY4yudH9VfsdT,Sum 41,3625992,"['alternative metal', 'canadian pop punk', 'canadian punk', 'modern rock', 'nu metal', 'pop punk', 'post-grunge', 'punk', 'rock']",70
2RDOrhPqAM4jzTRCEb19qX,Sheck Wes,1475938,"['pop rap', 'rap', 'trap']",62
03r4iKL2g2442PT9n2UKsx,Beastie Boys,2583632,"['alternative rock', 'east coast hip hop', 'golden age hip hop', 'hip hop', 'old school hip hop', 'rap', 'rap rock', 'rock']",68
14uo609t1MvRGZcskySt9R,SXMPRA,190970,['drift phonk'],65
5spEJXLwD1sKUdC2bnOHPg,Bone Thugs-N-Harmony,2777071,"['gangster rap', 'hardcore hip hop', 'hip hop', 'ohio hip hop', 'rap']",64
5dPBeuSKtu5vLz1Et8YSVv,Mostro,396251,"['italian hip hop', 'italian pop']",55
5tBnK7LvBMgvkXuePtfywp,lowlow,462391,"['italian hip hop', 'italian pop', 'rome indie']",44
4b3MWJACM6T1QwGKoFe7pp,Vegas Jones,937032,['italian hip hop'],54
0eDvMgVFoNV3TpwtrVCoTj,Pop Smoke,12783189,"['brooklyn drill', 'rap']",79
0A0FS04o6zMoto8OKPsDwY,YG,3138373,"['cali rap', 'hip hop', 'pop rap', 'rap', 'southern hip hop', 'trap']",72
5me0Irg2ANcsgc93uaYrpb,The Notorious B.I.G.,9130500,"['east coast hip hop', 'gangster rap', 'hardcore hip hop', 'hip hop', 'rap']",76
4UrIphY7uGLwD0rRd6NIi9,Lambo4oe,14640,[],57
33NVpKoXjItPwUJTMZIOiY,David Kushner,1160938,"['gen z singer-songwriter', 'singer-songwriter pop']",77
27LlKWxS3KXW7RRAxN5S8s,Geolier,1342359,"['italian hip hop', 'italian pop', 'rap napoletano', 'trap italiana']",74
5AZuEF0feCXMkUCwQiQlW7,Marracash,2147321,"['italian hip hop', 'italian pop', 'italian underground hip hop', 'rap napoletano']",71
7cnrSIu2CDgWOMnfQEx0Pg,Linea 77,62432,"['funk metal', 'italian alternative', 'italian punk']",31
2KXYAKQTxHuUHDtVgeGn6w,Slait,38060,['italian hip hop'],50
3JyyauuFQaaem8qboNQaZq,Richard Cocciante,11556,[],34
49SLNYRfTi1p9R38NooZKS,SLF,86489,['drill italiana'],53
0QqmgpgI0C1DyyDk49vnxY,MV Killa,186968,"['italian hip hop', 'rap napoletano']",60
6CKch2otN4SPznHf9ms5JF,Tony Effe,333250,"['italian hip hop', 'trap italiana']",68
6iBOcuDTJKItKor6YfzZa9,Hard Rock Sofa,43328,"['dutch house', 'electro house', 'progressive electro house', 'russian edm']",28
06cLuOP0p7VAnBnqil1eWX,Swanky Tunes,92138,"['dutch house', 'edm', 'electro house', 'pop dance', 'progressive electro house', 'progressive house', 'russian edm']",42
06O23tLg0or676h8EEzH7W,Pastel Ghost,335096,['dark synthpop'],63
2K5nCggbhSZ00YCYP5qkZS,Shiva,1538986,"['italian hip hop', 'italian pop', 'trap italiana']",74
24eDfi2MSYo3A87hCcgpIL,Ludwig Göransson,197957,"['nordic soundtrack', 'orchestral soundtrack', 'soundtrack']",69
3RThWxnHbyN5Hvkr66eYj7,Busiswa,266788,"['afro soul', 'south african house', 'south african pop']",53
122UVu1cOOHxhwXLsKuvCP,Manon Hollander,330,[],33
2bstC0TsU5ewQChPQBD51G,Lxzt,561,[],36
7iYXE363m8mKE6h6q6mMDy,CMDV,340,[],39
25x6MD0spNNS7z93Sat30K,Arisa,377128,['italian adult pop'],47
7flrhhXJBsIMwadsJG9McN,ofSoft,217,[],28
7tmTvmqgTBcX88ZrSHByrD,Nayt,502752,['italian hip hop'],60
5K92J8NwWAlu6fRN2uoHVN,3D,8843,['italian hip hop'],58
2KrXlzpSX4wWvJ2555FWLv,Le Castle Vania,89411,[],53
0XK6kT7xcZAlcYrNjOgzJe,Carla Morrison,3829087,"['cantautora mexicana', 'mexican pop']",70
1Xyo4u8uXC1ZmMpatF05PJ,The Weeknd,69134783,"['canadian contemporary r&b', 'canadian pop', 'pop']",94
1URnnhqYAYcrqrcwql10ft,21 Savage,14408363,"['atl hip hop', 'hip hop', 'rap', 'trap']",89
4upwdFMlZBmQ68jP9jPzjK,Gemitaiz,2046408,['italian hip hop'],65
20sxb77xiYeusSH8cVdatc,Meek Mill,7447641,"['hip hop', 'philly rap', 'pop rap', 'rap', 'southern hip hop', 'trap']",72
5ZS223C6JyBfXasXxrRqOk,Jhené Aiko,6667328,['r&b'],74
4MCBfE4596Uoi2O4DtmEMz,Juice WRLD,30142085,"['chicago rap', 'melodic rap', 'rap']",86
5COD136qwj9wtuea78EGbF,Parker Jack,74207,[],57
3FBEsNyIwRnOHOf1Rv3SLa,Superstar Pride,54571,['southern hip hop'],59
779QJkvhTmrxtUGaMo8QbK,SLVG,8798,[],45
1bzx15Bv1ioIaewP85ad5J,Matteo Paolillo,91657,[],56
6od7hFnrVLa1zCuSyQimic,Lolloflow,8857,[],56
6FPxOArEPVZUDv925qq8IQ,CLARA,29510,[],53
4hz8tIajF2INpgM0qzPJz2,Rainbow Kitten Surprise,987613,['pov: indie'],67
246dkjvS1zLTtiykXe5h60,Post Malone,41549158,"['dfw rap', 'melodic rap', 'pop', 'rap']",89
7Ln80lUS6He07XvHI8qqHH,Arctic Monkeys,20945576,"['garage rock', 'modern rock', 'permanent wave', 'rock', 'sheffield indie']",84
1iNqsUDUraNWrj00bqssQG,Dreamville,548739,"['hip hop', 'pop rap', 'rap', 'underground hip hop']",67
6l3HvQ5sa6mXTsMTB19rO5,J. Cole,20940787,"['conscious hip hop', 'hip hop', 'north carolina hip hop', 'rap']",84
70gP6Ry4Uo0Yx6uzPIdaiJ,Bas,514722,"['queens hip hop', 'rap', 'sudanese hip hop', 'sudanese pop', 'underground hip hop']",65
2LiqbH7OhqP0yuaG8VL1wJ,Black Sherif,717712,"['afrobeats', 'ghanaian pop']",58
4j2hypl84JFGRz00du5JT8,Kel-P,2186,[],40
0YC192cP3KPCRWx8zr8MfZ,Hans Zimmer,3427803,"['german soundtrack', 'orchestral soundtrack', 'soundtrack']",74
2M4eNCvV3CJUswavkhAQg2,James Newton Howard,318212,"['orchestral soundtrack', 'soundtrack']",60
5IcR3N7QB1j6KBL8eImZ8m,ScHoolboy Q,4564796,"['gangster rap', 'hip hop', 'pop rap', 'rap', 'southern hip hop', 'trap']",70
2YZyLoL8N0Wb9xBt1NhZWg,Kendrick Lamar,24916090,"['conscious hip hop', 'hip hop', 'rap', 'west coast rap']",87
0vbCCIPbKZGSoLt4drapJU,Srijan Gupta,460,[],12
4Ap2YGpqqSuL6EWM2kevG4,TheSrijan,245,[],11
3fMbdgg4jU18AjLCKBhRSm,Michael Jackson,28155708,"['r&b', 'soul']",80
4QQgXkCYTt3BlENzhyNETg,"Earth, Wind & Fire",3979279,"['disco', 'funk', 'jazz funk', 'soul']",71
3ZHU5AKrUmIPnCFfr82QER,1nonly,840309,['aesthetic rap'],69
1ZwdS5xdxEREPySFridCfh,2Pac,15890265,"['g funk', 'gangster rap', 'hip hop', 'rap', 'west coast rap']",78
0NbfKEOTQCcwd6o7wSDOHI,The Game,4746516,"['gangster rap', 'hip hop', 'pop rap', 'rap', 'southern hip hop', 'trap']",70
17lzZA2AlOHwCwFALHttmp,2 Chainz,7964452,"['atl hip hop', 'hip hop', 'pop rap', 'rap', 'southern hip hop', 'trap']",74
1sBkRIssrMs1AbVkOJbc7a,Rick Ross,6964241,"['dirty south rap', 'gangster rap', 'hip hop', 'rap', 'southern hip hop', 'trap']",74
3lxINiPO2Mtk6VqtUSd5t1,gIANMARIA,53435,"['emo trap italiana', 'italian pop']",46
5hKGLu4Ik88FzWcTPhWNTN,INTERWORLD,407761,['phonk brasileiro'],72
3X9nkz31tAOM25rdtzfi60,Shari,10222,[],37
1VPmR4DJC1PlOtd0IADAO0,$uicideboy$,5837374,"['cloud rap', 'dark trap', 'new orleans rap', 'underground hip hop']",83
5dXlc7MnpaTeUIsHLVe3n4,Coez,2055870,"['italian adult pop', 'italian pop', 'rap napoletano', 'rome indie']",65
7yntSJ6uojO3z6GFUVwhAW,CORPSE,2309953,['pov: indie'],67
5KKpBU5eC2tJDzf0wmlRp2,RAYE,956590,"['uk contemporary r&b', 'uk pop']",74
12Zk1DFhCbHY6v3xep2ZjI,070 Shake,475478,['new jersey rap'],71
2VJcPHba2seT8SsI73ksfB,feokky,22,[],0
05brE7yGJDmIYlMirfSi0B,Federica Abbate,43616,"['italian pop', 'milan indie']",50
68zhfroQU8MwS3DiuWBRRh,DJ TREEPLO,5764,[],24
00FQb4jTyendYWaN8pK0wa,Lana Del Rey,26356864,"['art pop', 'pop']",89
13ubrt8QOOCPljQ2FL1Kca,A$AP Rocky,12603771,"['east coast hip hop', 'hip hop', 'rap', 'trap']",81
0AepkoQhYvkjEzzwIcGxdV,Jacob Banks,497753,['uk contemporary r&b'],57
5ja9cfKWW8Zj9aloyK8WuY,MoonDeity,287334,[],68
5EiDVD35ofoSKq1KE0jcs8,Izzamuzzic,99232,"['kazakh pop', 'russian electronic', 'sped up']",62
7e4AmALFiKR69Xra2EksPU,Julien Marchal,20868,['sped up'],62
6Lt6KFXX3P0v6vfrynQAMo,Beth Gibbons,90176,"['devon indie', 'solo wave', 'trip hop']",42
6VuMaDnrHyPL1p4EHjYLi7,Charlie Puth,20956391,"['pop', 'viral pop']",81
0C8ZW7ezQVs4URX5aX7Kqx,Selena Gomez,44097202,"['pop', 'post-teen pop']",82
1RyvyyTE3xzB2ZywiAwp0i,Future,14488701,"['atl hip hop', 'hip hop', 'rap', 'southern hip hop', 'trap']",88
7bXgB6jMjp9ATFy66eO08Z,Chris Brown,20184395,"['pop rap', 'r&b', 'rap']",84
5y2Xq6xcjJb2jVM54GHK3t,John Legend,6540180,"['neo soul', 'pop', 'pop soul', 'urban contemporary']",73
2xOp0rCDPAmYqnL2UFbaDY,Benjamin Wallfisch,22457,"['british soundtrack', 'deep soundtrack', 'soundtrack']",55
4MvZhE1iuzttcoyepkpfdF,ThxSoMch,249441,['bedroom r&b'],67
3iOvXCl6edW5Um0fXEBRXy,The xx,3902792,"['downtempo', 'dream pop', 'indietronica']",64
2VDZoCBGjxbHJbnzSX5nP6,Kxllswxtch,184974,"['dark trap', 'oc rap', 'scream rap']",67
2tqbdiza6tmlpAtKUZwhnE,DJ GUDOG,49690,['phonk brasileiro'],63
55Aa2cqylxrFIXC767Z865,Lil Wayne,13882953,"['hip hop', 'new orleans rap', 'pop rap', 'rap', 'trap']",84
55K4ZKXWbobPadn69ghryV,xeta,245,['reggaeton chileno'],1
7pNH29jgvhRNkrMrRX5UW9,Reynold Beats,94,[],5
12Chz98pHFMPJEknJQMWvI,Muse,7622237,"['alternative rock', 'modern rock', 'permanent wave', 'rock']",74
7jVv8c5Fj3E9VhNjxT4snq,Lil Nas X,12467505,['lgbtq+ hip hop'],76
0QrUbsrL5imqntAfDl8i7q,Fred De Palma,1057842,"['italian adult pop', 'italian pop']",62
5ExXlrueheuTEy2uq8FM9O,ITG Studios,1768,[],35
5cj0lLjcoR7YOSnhnX0Po5,Doja Cat,25937556,"['dance pop', 'pop']",84
7cYEt1pqMgXJdq00hAwVpT,Chase Atlantic,5332568,['alternative r&b'],77
056KMTw6IztdQjBmFfVyO3,Rkomi,1353360,"['italian hip hop', 'italian pop']",68
6QSOpFwMSqDj21HVu34Wm1,Xanemusic,77727,['sped up'],63
7kO87cGufDvuHXsXtqEBfL,NVBR,41,[],39
5xmZKWPhiMa6sD84Efjrh9,kevoxx,3527,['sped up'],47
6Htt1E5lJ37HjcEPsTdYPA,CanovA,3421,['italian pop'],35
09L7vIFcD6P0SM1ZQ2k2On,Kirill Flow,155,[],18
7c38OVOfX16DHcL1Un8NcD,WERTUS,916,[],31
50JJSqHUf2RQ9xsHs0KMHg,Jon Bellion,1375118,['indie pop rap'],65
2ifvIECHAlEgPMBuBOJ0lG,Bear McCreary,152231,"['orchestral soundtrack', 'scorecore', 'soundtrack']",59
2dB4ya2W1Gvng8gjWSPu2H,Eivør,218514,"['faroese indie', 'faroese pop', 'melancholia', 'rune folk', 'viking folk']",51
1Xn1GTJkWC9sRBzk9A8Jms,Cranio Randagio,101666,['italian hip hop'],36
33FP9bOTWc2zzSuDnh5O5Q,Zyrex,5887,[],21
1rPf3UFQ9PzH7MafzfHTnG,TWISTED,50507,['meme'],61
6TLwD7HPWuiOzvXEa3oCNe,Oliver Tree,2312795,['alternative hip hop'],73
2H5lpHhf6lratdNgodiuJu,Hux,116,[],5
3I4WPLqMIkkt9zbe7rRDSF,Synthellar,131,[],12
19ra5tSw0tWufvUp8GotLo,George Michael,4362630,['new wave pop'],71
6Efw3k51CSEQAcUTOp6OXc,Mjhanks,27624,['maga rap'],37
6dh80wUQJO3o7skEfOI7sU,Topher,40128,['maga rap'],47
20js0lxMsFUHEwlmWTGqpL,The Marine Rapper,26255,"['maga rap', 'military rap']",38
1jUvU0n7PqrWgPnx3N1UWl,Nartuok,316,[],0
1El4YQA8oCXX7ynFSxRTFq,Massimo Pericolo,496361,"['italian hip hop', 'trap metal italiana']",59
75VKfyoBlkmrJFDqo1o2VY,Fireboy DML,1919085,"['afrobeats', 'nigerian pop']",70
2SrSdSvpminqmStGELCSNd,Stormzy,2818655,"['grime', 'uk hip hop']",71
396Jr76018oUMR6QBnqT8T,Cesare Cremonini,1108423,"['italian adult pop', 'italian pop']",56
6d8NscVVbeMVINZwJDOoN5,Crash Adams,842417,[],55
3t5xRXzsuZmMDkQzgOX35S,Robin Schulz,3089216,"['deep euro house', 'deep house', 'edm', 'german dance', 'pop dance', 'tropical house']",77
0XFgM33h3Ls5tj1M9IKUWd,Foudeqush,34984,['r&b en espanol'],52
3wcj11K77LjEY1PkEazffa,Burna Boy,6231305,"['afrobeats', 'dancehall', 'nigerian hip hop', 'nigerian pop']",78
7fw0E8WHdG3r9SuPBcGmWk,Sampa the Great,257602,"['alternative r&b', 'australian hip hop', 'conscious hip hop', 'escape room', 'zambian hip hop']",48
26fSO7cYQ1Txtb8xNi8byv,Chef 187,44713,"['zambian hip hop', 'zambian pop']",36
44vOrGC9wQuBCQIeBUNc1O,Tio Nason,1050,['zambian pop'],24
3BM1y5iZJFNwGFZC8ivubP,Mwanje,2109,['australian r&b'],26
1KQJOTeIMbixtnSWY4sYs2,Paky,835520,"['italian hip hop', 'trap italiana']",64
4FTMyLkoEE9oEUpCv3Dr4p,Briga,254479,"['italian adult pop', 'italian pop']",37
3hN3iJMbbBmqBSAMx5veDa,Ultimo,3243273,"['italian adult pop', 'italian pop']",67
5QbPS8e4HIZTsfxvuw7h2u,Comagatte,13454,[],25
4p5IspnsqtILeRtckOxumu,Il Tre,344065,"['italian hip hop', 'italian pop']",52
28GRpg4LMcUSFO09DExzYD,EDEN,1271,[],20
7ajcXCqrSRoMtviBDVIjqn,Young Slash,52411,['italian hip hop'],31
1zOtBeihNPcAvUCFtkQFYm,Xfetto,554,[],19
3RfIKCBcJ6Nb7OLrk2fV4S,KAYLER,14337,['trap italiana'],29
15JcKmQooq4qeUn6jdN8f0,Nese Ikaro,10824,[],23
6a9h2MsqrQTJqERdiWrMC8,Evrint Bless,810,[],18
2wY79sveU1sp5g7SokKOiI,Sam Smith,22946189,"['pop', 'uk pop']",83
3Xt3RrJMFv5SZkCfUE8C1J,Kim Petras,961030,"['alt z', 'pop', 'transpop']",75
6QrQ7OrISRYIfS5mtacaw2,Jaymes Young,886566,['indie poptimism'],66
3exvMmrLV6o4R42YnG3Id6,Egzod,94450,[],62
1HD6q5dxREv64GOc3H7vBs,Maestro Chives,8514,[],61
38wxcfNEqMwuPniHvplin5,Neoni,256969,['dark r&b'],66
73jlPRxT7z5xk29sMqFDjU,Tommee Profitt,204633,"['anthem worship', 'bossbeat']",61
647D92XNDYTUt5A0idePJ4,Fleurie,271586,['nashville singer-songwriter'],59
4Dp0vVy8BpziagOylB21Tp,Jung Youth,9032,['bossbeat'],47
2qAgO1fmg936BPG08NvxPk,Beacon Light,9854,['christian hip hop'],50
4gyX4vWskz4ftYxSyWoLA2,Moiba Mustapha,30,[],25
63isdzBiMOaYkMiX6XddfB,Mezzosangue,257770,"['italian hip hop', 'italian underground hip hop']",45
44TGR1CzjKBxSHsSEy7bi9,Woodkid,751512,['chamber pop'],57
19i93sA0D7yS9dYoVNBqAA,thasup,2173430,"['italian hip hop', 'italian pop', 'trap italiana']",67
4jFlmD92WULLlaRS8Cj6QS,Francesca Michielin,705586,"['italian adult pop', 'italian pop']",53
6XyY86QOPPrYVGvF9ch6wz,Linkin Park,24101105,"['alternative metal', 'nu metal', 'post-grunge', 'rap metal', 'rock']",83
3NPpFNZtSTHheNBaWC82rB,X Ambassadors,2914516,"['modern alternative rock', 'modern rock', 'stomp pop']",70
75dQReiBOHN37fQgWQrIAJ,Local Natives,638081,"['chamber pop', 'indie rock', 'la indie', 'modern rock', 'shimmer pop', 'stomp and holler']",56
586uxXMyD5ObPuzjtrzO1Q,Sofi Tukker,699307,['edm'],66
50nN8IFD4xA67fI4jYbLV4,Kano,308096,"['grime', 'uk hip hop']",48
7k9T7lZlHjRAM1bb0r9Rm3,Wiley,359744,"['grime', 'uk dancehall', 'uk hip hop']",54
3S0tlB4fE7ChxI2pWz8Xip,Giggs,460526,"['grime', 'london rap', 'uk hip hop']",58
0pCNk4D3E2xtszsm6hMsWr,K.Flay,535783,"['escape room', 'hip pop', 'modern alternative rock']",62
6udpKGzl85NuBEkZqOXiYB,Zoda,185130,['italian hip hop'],39
73QlPSJ4rUJB0egUbzhPjp,Lil Jaico,1953,[],13
1MRiIeZbc0cRuxOafDUCtH,BLANCO,1501153,"['italian hip hop', 'italian pop']",69
4e250LmaRPGcp0rbUbJtJm,Drast,30193,['emo trap italiana'],50
5Qi4Bb7a8C0a00NZcA77L0,D12,2969388,"['detroit hip hop', 'gangster rap', 'hip hop']",63
5DkmrXKeWgDS86KKEw45o6,Rancore,182697,"['italian hip hop', 'italian underground hip hop']",46
0agw9rAVju2v0Ot1OHYt7O,DJ Myke,9985,['italian underground hip hop'],32
2mpeljBig2IXLXRAFO9AAs,Dido,1610673,"['dance pop', 'europop', 'lilith', 'neo mellow', 'pop rock']",69
22bE4uQ6baNwSHPVcDxLCe,The Rolling Stones,13157489,"['album rock', 'british invasion', 'classic rock', 'rock']",77
6rYogEVj60BCIsLukpAnwr,Scarlxrd,1258417,"['dark trap', 'scream rap']",63
2W6WP4pHQTFlbr2z9S4n54,Kordhell,845677,['drift phonk'],75
1iuGd0kNu2eqLwP9DFGCNY,VTORNIK,62808,['russian drill'],53
3kXvE7gEBfGkwDaknMngF7,Phonk,165257,[],54
3pvu9Vljl1aHMScXzPqyga,Remstage Music,1640,['instrumental djent'],24
49UAapOfpOg1ZOU4xf2NgY,Noyz Narcos,742173,"['italian hip hop', 'italian underground hip hop']",60
3wyVrVrFCkukjdVIdirGVY,Lil Pump,8003533,"['emo rap', 'miami hip hop', 'pop rap', 'rap', 'trap']",63
1r4hJ1h58CWwUQe3MxPuau,Maluma,34302847,"['latin pop', 'reggaeton', 'reggaeton colombiano', 'trap latino', 'urbano latino']",82
7riQPkkGZBnTh9ve5qIhYo,Mareux,240389,['dark synthpop'],64
5K4W6rqBFWDnAN6FQUkS6x,Kanye West,20780838,"['chicago rap', 'hip hop', 'rap']",88
0ONHkAv9pCAFxb0zJwDNTy,Pusha T,2824547,"['gangster rap', 'hip hop', 'pop rap', 'rap', 'southern hip hop', 'trap', 'virginia hip hop']",69
4UikIA2yhd0jVJSXD9IOJH,FSK SATELLITE,274424,"['italian hip hop', 'trap italiana']",47
3yiEJ9SByXZMXTwaKdVFN4,Luchè,1070568,"['italian hip hop', 'italian pop', 'rap napoletano']",65
3AFt30387waHIjjDL63XeI,OTP,50829,['melodic drill'],55
2kCcBybjl3SAtIcwdWpUe3,Lil Peep,10454865,"['cloud rap', 'emo rap', 'lgbtq+ hip hop']",80
6JhUHne9H09NdkTI5E9GSt,Dardust,42984,"['italian electronica', 'rome indie']",43
1a7xjqgtH0LtzVv80S9kVx,Saliva Grey,23589,['dark trap'],55
4KGNjRvBeqS7wDrExXVN8a,Lethal Bizzle,175662,"['grime', 'uk hip hop']",41
2p1fiYHYiXz9qi0JJyxBzN,Skepta,1131919,"['birmingham grime', 'grime', 'instrumental grime', 'uk hip hop']",70
4olE3I5QU0dvSR7LIpqTXc,WATT,21547,['modern alternative rock'],58
5g63iWaMJ2UrkZMkCC8dMi,Lil Tracy,670746,"['cloud rap', 'melodic rap']",69
3QJjzLwRMgdGoFwzmVodxJ,L'Elfo,77955,"['italian hip hop', 'rap siciliano']",39
1frFclUlmPhS4OmpTA1Wcb,Funkyman,668,['rap siciliano'],33
6ddr2k0OD45Ksc7L0zdUY3,Ravens Rock,60902,[],34
7F2utINZ6tSokSiZTQBE27,Guè,2270937,"['italian hip hop', 'italian pop']",73
66BdiVdIoCkmjVxqQzDlJ0,Lucifer Cast,57967,[],45
17b78UMGQeeHXAQmpJAgPn,Tom Ellis,8903,[],43
68DWke2VjdDmA75aJX5C57,Yelawolf,2229173,['alabama rap'],64
20qISvAhX20dpIbOOzGK3q,Nas,3365123,"['conscious hip hop', 'east coast hip hop', 'gangster rap', 'hardcore hip hop', 'hip hop', 'queens hip hop', 'rap']",73
2zPGFp4GWeCgriWz13XR6r,Youth Never Dies,13943,[],40
1BbI77tXAW1gC8iBYJGwMB,We Are The Empty,23809,['gymcore'],39
5vkIUHgmiNIPn4Beoh2QPc,Onlap,75490,['gymcore'],48
3MZsBdqDrRTJihTHQrO6Dq,Joji,8781911,['viral pop'],79
7cG98wfpXvT5BwGU85RaOA,Unaverage Gang,93406,['dark trap'],54
3GAHYVHU0HppTq2qgzejcv,Digital Punk,38777,"['classic hardstyle', 'euphoric hardstyle', 'rawstyle']",39
768O5GliF0bqscyghggrbE,Polimá Westcoast,510171,"['trap chileno', 'trap triste', 'urbano chileno', 'urbano latino']",69
4yxLYO2imECxGYTTV7RQKb,Pailita,1184018,"['drill chileno', 'urbano chileno', 'urbano latino']",68
1aSxMhuvixZ8h9dK9jIDwL,Kate Bush,1724756,"['art pop', 'art rock', 'baroque pop', 'new wave pop', 'permanent wave', 'piano rock', 'singer-songwriter']",67
754BUADwzMYecBgOoBaetK,Neima Ezza,463967,"['italian hip hop', 'trap italiana']",62
4kTOsBwxhA2Sn4PSs7PqnN,Nko,34479,[],59
3jbwoqhl1GhkvC5rNBvHH3,Musicality,25048,['anime rap'],44
02wrovsROEQpMXNTxk8uHI,Lazy3x,18428,['necrotrap'],45
62F9BiUmjqeXbBztCwiX1U,Lil Darkie,1472876,['glitchcore'],67
3Vn0EIkJERzGTR0Bnw4p6F,Somber,17597,[],43
5gYimn2wODaiKOTFJlzVnn,Warlord Colossus,50465,['dark trap'],55
04l0fJwGDWliBLlVPVwiPX,Yung Anime,1103,[],14
1RjRHE0popjV7rhcHdp376,SIE Sound Team,29856,"['japanese vgm', 'sound team', 'video game music']",47
6dKdNHGdsBvEeNDxXV8AMP,Ensi,217406,"['italian hip hop', 'italian underground hip hop']",48
6qHbYx76y5bQSbBMUYhhuP,Luciennn,1643,[],41
35V1WomiedCJeGfupcPm7s,Tananai,286304,['italian pop'],64
53XhwfbYqKCa1cC15pYq2q,Imagine Dragons,49405311,"['modern rock', 'pop', 'rock']",85
0du5cEVh5yTK9QJze8zA0C,Bruno Mars,49954700,"['dance pop', 'pop']",86
4FpJcNgOvIpSBeJgRg3OfN,Orelsan,2283621,"['french hip hop', 'old school rap francais', 'rap conscient']",65
61gWpKs7mYy1Nxxa5hJVli,Burak,2896,[],31
2hwZ6O8nd7zKSUqRhYPo5U,Colm R. McGuinness,93535,[],53
20JZFwl6HVl6yg8a4H3ZqK,Panic! At The Disco,11942266,['pop'],75
4tZwfgrHOc3mvqYlEYSvVi,Daft Punk,9568178,"['electro', 'filter house', 'rock']",79
2RdwBSPQiwcmiDo9kixcl8,Pharrell Williams,4242910,"['dance pop', 'pop']",78
3yDIp0kaq9EFKe07X1X2rz,Nile Rodgers,109975,['disco'],71
3p5nfUyEYsxx8izMCym07n,Oh The Larceny,145386,"['bossbeat', 'rebel blues']",54
4ZbsxiS90Pj1gLeDv3A9mN,Lùnapop,147809,"['classic italian pop', 'italian adult pop', 'italian pop']",51
0We3iIO3yy6XpQ7OSxDVnn,Robin Carolan,2179,[],43
7snpYN2ENGuDLhhm1DNN1R,Sebastian Gainsborough,706,[],43
6bmlMHgSheBauioMgKv2tn,Powfu,1188249,"['sad lo-fi', 'sad rap']",67
0xOeVMOz2fVg5BJY3N6akT,Jaden,1883122,"['pop rap', 'rap']",65
1bq8rqNnfrojn0OSAfeNXJ,Sarcastic Sounds,223102,"['lo-fi chill', 'sad lo-fi']",60
1T4HxOYolAEb5PadIVKdWZ,Gibbs,215807,['polish hip hop'],66
3Isy6kedDrgPYoTS1dazA9,Sean Paul,4440713,"['dance pop', 'dancehall', 'pop', 'pop rap']",79
6M2wZ9GZgrQXHCFfjv46we,Dua Lipa,40943098,"['dance pop', 'pop', 'uk pop']",86
5eKPUGyVlO4hXEJ5nybsdu,Withzera,102,[],0
6UBA15slIuadJ8h2lPRPos,Tech N9ne,2715021,['kansas city hip hop'],67
2feDdbD5araYcm6JhFHHw7,Labrinth,2994152,"['indie poptimism', 'pop']",77
3rWZHrfrsPBxVy692yAIxF,WILLOW,2313773,"['afrofuturism', 'pop', 'post-teen pop', 'pov: indie']",69
7Fe4vD5WyjtFxlxSO0d7lP,Complete,93248,['west australian hip hop'],47
6olE6TJLqED3rqDCT0FyPh,Nirvana,18010166,"['grunge', 'permanent wave', 'rock']",79
3z97WMRi731dCvKklIf2X6,NEFFEX,2349054,[],70
2hE2ofc7IKD1iQ39HYU5N4,KOHTA YAMAMOTO,29691,[],47
6MbYN3cPk0SYSE3Blaodqy,TAR0T,151,[],5
4m1i53DaEliWzSkSFwqv5W,L'Orchestra Cinematique,69436,['scorecore'],46
60xTPRePNppYh4Ol5esmPA,Alala,9701,['bardcore'],46
4dDb2XLONSNrTrucRcoaYM,Really Slow Motion,105761,['epicore'],49
2T4kh33TYdnDesvlQyRst8,ARIETE,525870,"['italian hip hop', 'italian pop', 'rome indie']",57
2nirHAhWySBkvccqqmZeRP,Megami,4286,['ambient lo-fi'],54
5iot8OPcosJN9nCl7I5SdK,Irama,1980717,"['italian adult pop', 'italian pop']",66
6hkKbkZGvAXuvle2FhCnxy,Shablo,48909,"['italian hip hop', 'italian pop']",61
23TFHmajVfBtlRx5MXqgoz,Sfera Ebbasta,5603516,"['italian hip hop', 'italian pop', 'trap italiana', 'trap latino']",79
63pCdEiziMCDjGOdM1XCrJ,Junior K,707,[],52
14CHVeJGrR5xgUGQFV5BVM,Fivio Foreign,1143051,"['brooklyn drill', 'new york drill', 'trap']",68
3DiDSECUqqY1AuBP8qtaIa,Alicia Keys,10940783,"['neo soul', 'pop', 'r&b']",75
5783Q2930j21HizVwFcUzB,Verum,62726,[],35
2VYQTNDsvvKN9wmU5W7xpj,Marilyn Manson,4041051,"['alternative metal', 'hard rock', 'industrial', 'industrial metal', 'industrial rock', 'nu metal', 'post-grunge', 'rock']",67
2yvguoW65iZdUhca8yIfIo,Jamie Duffy,23768,[],53
06nvjg4wBANK6DCHjqtPNd,Mahmood,1218989,"['italian adult pop', 'italian pop']",58
1TUO8DpCpHhmB4gYdLqLOF,Benji,21117,['italian pop'],32
58AqJv0sDFPFnnBcLT8eeX,Bella Thorne,1082434,"['pop', 'post-teen pop']",41
7EVtRX3E2y1wcAwd2YituJ,Shierro,7973,['lo-fi jazzhop'],52
5RiGhrEoM1SBjZoY25lCfe,Nashley,176737,['italian hip hop'],47
1Cd373x8qzC7SNUg5IToqp,BoyWithUke,3541311,['sad rap'],72
7qXuz9bbBHBBFelmDcNOMQ,Ackeejuice Rockers,2502,['moombahton'],31
1Z25ZlGHqqlr3o1UGQOfNn,JNR CHOI,62089,['gambian hip hop'],53
04uu8U3I1h26Fp2NBkPTRZ,Sam Tompkins,168538,['singer-songwriter pop'],61
1N21tqenVOnzbRhdvw5bGH,Trias,27803,['traprun'],43
26SZRpiR6PU76LUWcf9ySp,Dariansincebirth,129,[],33
5AVBFCn4Hq4KY2Xjc5Gj4y,Blues Saraceno,133818,"['modern blues rock', 'rebel blues']",49
57kgxuYPX6hANUyqNj6UZ4,Ddark,6415,['bass trap'],41
11tNhDgqKxVfmUfJxrOdco,Sensei D,2194,[],41
13MwFjr6LL8GwK7wlfIL6t,Horsehead,295,[],43
5AueQd01cgyqBRQ82ns5cd,RØNIN,89975,"['sad lo-fi', 'sad rap']",50
7dOCnyDR2oEa1hQlvTXvdT,Cody Fry,247285,['indiecoustica'],58
6VlPp1wb53ANKMIwZPJfM0,Pharmacist,120122,['drift phonk'],56
7vk5e3vY1uw9plTHJAMwjN,Alan Walker,38878753,['electro house'],79
4npEfmQ6YuiwW1GpUmaq3F,Ava Max,5958675,['pop'],78
6qqNVTkY8uBg9cP3Jd7DAH,Billie Eilish,84054750,"['art pop', 'electropop', 'pop']",87
1t4m0kYFjPEVUNGevGQVTn,T. Powell,12281,['hard motivation'],41
26JloX1vHxGGrGUVeMItFJ,iamjakehill,545549,"['sad lo-fi', 'sad rap']",65
3EAHF3jdnHHdko5DBrhRUP,John Powell,203689,"['british soundtrack', 'orchestral soundtrack', 'soundtrack']",61
6RdcIWVKYYzNzjQRd3oyHS,Pinguini Tattici Nucleari,1511470,"['bergamo indie', 'italian indie pop', 'italian pop', 'milan indie']",71
5GvptfCCokbZjCIzpVj4Sk,Merczz,9954,['melodic drill'],33
4XWaILHqySwH1y6LhlYcsb,ilyTOMMY,339834,['aesthetic rap'],59
2Ue601Op6mLGMwrQYjAOSW,niteboi,63598,['drift phonk'],48
7J67YP5oiObsKJkC7mrRWW,Hentai Xander,28660,[],42
7kv7JLDk78SipIceafgD4x,Hairy Potter,2982,['slowed and reverb'],32
25u4wHJWxCA9vO0CzxAbK7,Lukas Graham,2115736,"['danish pop', 'scandipop']",69
67MNhiAICFY6Pwc2YxCO0K,Elley Duhé,442756,['alt z'],74
0XFgyr4jwM0MGeZZW0VzA5,DVRST,368607,"['chill phonk', 'drift phonk']",68
4dpARuHxo51G3z768sgnrY,Adele,50315602,"['british soul', 'pop', 'pop soul', 'uk pop']",83
3fhMfkPPzksWuw0hEm4ldm,Ernia,848897,"['italian hip hop', 'italian pop', 'milan indie']",66
4OmG7TmODI5Rj3q7PV3fP5,Sergio Valentino,14669,[],51
0ru4hXR4RJY1mikvbQKgWa,Jon Lajoie,159296,"['comedy rap', 'comic', 'parody']",54
1AgxgADPuRIW1wyaA4OKcB,Tom Rosenthal,512014,['british singer-songwriter'],64
1t6kgv3kQmD8x7ecWtCcy5,The Blue Notes,7406,[],38
6chivaQAO194R7WMP1p0dQ,JK Beats,12666,['slowed and reverb'],36
4RddZ3iHvSpGV4dvATac9X,Papa Roach,4873259,"['alternative metal', 'nu metal', 'rap metal', 'rap rock', 'rock']",70
13sKsnhhn9nyyYVbOl7dLD,Witchz,134009,[],57
2hPgGN4uhvXAxiXQBIXOmE,KIDS SEE GHOSTS,922967,['rap'],57
71QEyWMBh1qPj4xUnhuTdK,xo sad,9687,[],29
7MhMgCo0Bl0Kukl93PZbYS,Blur,3005753,"['alternative rock', 'britpop', 'madchester', 'permanent wave', 'rock']",71
0L8ExT028jH3ddEcZwqJJ5,Red Hot Chili Peppers,20007302,"['alternative rock', 'funk metal', 'funk rock', 'permanent wave', 'rock']",80
3QAUh2GMUiYKOndxu1lXK4,NothingNothingNothing,1279,['sad lo-fi'],18
3vJCYheZF5PWUvTIykvNG5,Secession Studios,62800,['epicore'],47
44PcJXsZ25hTwUFPQlZjAX,Greg Dombrowski,5844,[],42
1uvnu5K0AgjndrEvTM4lOT,Dazel Ukuto,5004,['slowed and reverb'],15
5anIaPEacO0S5sVfxg6cVw,Murkish,6874,['sped up'],50
2i5ApczYJfGAYrtf7QmjCV,Huken,1495,['sped up'],50
6eXZu6O7nAUA5z6vLV8NKI,Little Simz,826752,"['alternative r&b', 'escape room', 'trap queen']",61
2GxGee63FW2XFbmhdpfndO,Abyss Sounds,6125,['slowed and reverb'],44
5PeZ1m5v30OjVgzBz6PgHa,Felax,23303,[],46
6EFEV0jnB7w0EP1qvgENMt,MISERY,2849,[],9
0UAfgrYSLcjHNocndTNjhH,Dybbukk,37822,"['sad lo-fi', 'slowed and reverb', 'sped up']",61
2cFrymmkijnjDg9SS92EPM,blackbear,4871141,['pop'],74
4ZgQDCtRqZlhLswVS6MHN4,grandson,1075595,"['modern alternative rock', 'modern rock', 'pov: indie', 'rock']",65
70eNABm9r2VXOGYW4r209H,Rob Bailey & The Hustle Standard,168213,['military rap'],53
1YfEcTuGvBQ8xSD1f53UnK,Busta Rhymes,2486146,"['east coast hip hop', 'hardcore hip hop', 'hip hop', 'pop rap', 'rap']",69
6fFfnKGVI6X3lkCr8Qw1g1,KXNG Crooked,116536,"['cali rap', 'detroit hip hop']",49
7iZtZyCzp3LItcw1wtPI3D,Rae Sremmurd,7286514,"['melodic rap', 'mississippi hip hop', 'pop rap', 'rap', 'trap']",71
0hxQtmgWiPtEsDPeIuKxXq,John Carpenter,120954,['horror synth'],48
5rJxl4BLLAaFRSNgAz2hSg,Cody Carpenter,2519,['synthwave'],43
0YaDmIGxP3HVcH7xvkpvSP,Daniel Davies,2566,['horror synth'],39
64H8UqGLbJFHwKtGxiV8OP,THE ANXIETY,157448,['modern alternative pop'],58
1xoxekeb8jUVHKJB7m6bfg,Tyler Cole,28174,['bedroom soul'],58
5YBSzuCs7WaFKNr7Bky0Uf,Olivia,25917,[],62
4667Ut4sQVZ9BezLGRINBX,Lil Agony,6522,['zxc'],29
5L1lO4eRHmJ7a0Q6csE5cT,LISA,4960556,['k-pop'],77
0k1zExsMuLEOBNJd2W7C8P,KMusic BeatZ,60,[],0
2d0hyoQ5ynDBnkvAbJKORj,Rage Against The Machine,5554274,"['alternative metal', 'alternative rock', 'conscious hip hop', 'funk metal', 'hard rock', 'nu metal', 'political hip hop', 'post-grunge', 'rap metal', 'rap rock', 'rock']",69
1A8NEJYo3VW9aIZ6l55Dgu,Joey Cool,39038,['kansas city hip hop'],50
7vTyZmNA6LC0WRDg7V6yle,King Iso,91363,[],54
1T8S48bD91THNKBByWBDyn,Dwayne Johnson,283386,['meme'],58
4yvcSjfu4PC0CYQyLy4wSq,Glass Animals,3848640,"['gauze pop', 'indietronica', 'modern rock', 'pov: indie', 'shiver pop']",74
6EPlBSH2RSiettczlz7ihV,Sleepy Hallow,1439393,"['brooklyn drill', 'nyc rap']",74
4utLUGcTvOJFr6aqIJtYWV,Skylar Grey,580037,"['piano rock', 'viral pop']",65
6AgTAQt8XS6jRWi4sX7w49,Polo G,9897986,"['chicago rap', 'rap']",80
4AA474G2hRfrHyGrfyDseO,Mozzy,748396,"['cali rap', 'sacramento hip hop']",62
0cmWgDlu9CwTgxPhf403hb,Bonobo,1337461,"['downtempo', 'electronica', 'indietronica', 'instrumental hip hop', 'jazztronica', 'nu jazz', 'trip hop']",63
7FNCXF8vxsp3EFpGU8ykRM,Puppet Master,5255,[],30
1cJ5tVoeAEFcZBAwSZ0CtF,The Plot In You,298513,['metalcore'],59
3o1cwVQfiDWafhYA02k13C,Crookers,83118,['fidget house'],57
4yiQZ8tQPux8cPriYMWUFP,Gwen Stefani,6162142,"['dance pop', 'pop']",71
5MuOPM6FG6VLI3TQCnR77w,Ghostyboy,1390,[],26
1cNDP5yjU5vjeR8qMf4grg,YNW Melly,9339199,"['melodic rap', 'rap']",73
2y246nnP9pQT0E6v3ZMMOO,Night Lovell,1289279,"['aesthetic rap', 'canadian hip hop', 'canadian trap', 'cloud rap', 'dark trap', 'ottawa rap']",66
0Tcr6t5uyvDgOuNPCD36A3,Chad Tepper,42726,['social media pop'],37
2p4FqHnazRucYQHyDCdBrJ,Simple Plan,3456071,"['canadian pop punk', 'canadian punk', 'canadian rock', 'modern rock', 'neon pop punk', 'pop punk']",66
3nFkdlSjzX9mRTtwJOzDYB,JAY-Z,8529572,"['east coast hip hop', 'gangster rap', 'hip hop', 'pop rap', 'rap']",82
7yPPzu5UdAK7yagQqjEZQm,Party Favor,174114,"['brostep', 'edm', 'electro house', 'electronic trap']",54
6agBXAcUugzO8DQTChZZrx,WEEDMANE,33376,['drift phonk'],57
3WaNZnwUPrpOIS5ZcIyjTO,Suicideyear,28121,"['phonk', 'wave']",57
4q3ewBCX7sLwd24euuV69X,Bad Bunny,72446996,"['reggaeton', 'trap latino', 'urbano latino']",95
2tIP7SsRs7vjIcLrU85W8J,The Kid LAROI,4646663,['australian hip hop'],78
1uNFoZAHBGtllmzznpCI3s,Justin Bieber,73694308,"['canadian pop', 'pop']",87
1mZu3rO7qSD09GdDpePHhY,Frankie Goes To Hollywood,743192,"['dance rock', 'hi-nrg', 'new romantic', 'new wave', 'new wave pop', 'synthpop']",56
109FvbnDVNag1UcJDVpFlr,Brian Tyler,161019,"['orchestral soundtrack', 'scorecore', 'soundtrack']",57
7fWgqc4HJi3pcHhK8hKg2p,Dope,743494,"['alternative metal', 'industrial metal', 'nu metal']",54
7gjqZ8coFZimZDtdk04WP1,MACE,101756,"['funk carioca', 'italian hip hop', 'italian pop']",55
2rhFzFmezpnW82MNqEKVry,Ski Mask The Slump God,5493058,"['hip hop', 'miami hip hop', 'pop rap', 'rap', 'trap', 'underground hip hop']",72
4xRYI6VqpkE3UwrDrAZL8L,Logic,5927154,"['conscious hip hop', 'hip hop', 'pop rap', 'rap']",74
0raROdGoWtE70WbyUgHEGF,Zero Pandas,393,[],0
2sOEyMHVp9ctISccCTreXV,Really Slow Motion,31,[],0
4bGFHVtFZIw5cyerMJhGSO,Harry Lightfoot,1735,['epicore'],15
5F4ObszoeVebqtc0B3XqJa,Audiomachine,245827,['epicore'],53
5yVvIOuHDlJezNO90ohWNA,Dior,23921,[],44
6Cny0Wt5OKLct1rGOLmu80,The Seige,123864,"['bossbeat', 'cali rap']",53
5BBBDm18Y0TCRXZggaOnZG,Fabian Mazur,72706,"['bass trap', 'danish electronic', 'electronic trap', 'traprun']",46
4xFadP7L1YVwVSjDDfjKjM,Snavs,75010,"['bass trap', 'danish electronic', 'electronic trap', 'traprun']",47
7hJcb9fa4alzcOq3EaNPoG,Snoop Dogg,10019718,"['g funk', 'gangster rap', 'hip hop', 'pop rap', 'rap', 'west coast rap']",80
7dWYWUbO68rXJOcyA7SpJk,Fort Minor,590830,['rap rock'],58
5bf6yYgHODBW5EreBZshpX,Styles Of Beyond,52168,['cali rap'],58
7b79bQFziJFedJb75k6hFt,Tion Wayne,877803,"['london rap', 'uk hip hop']",67
3FoFW2AoUGRHBacC6i4x4p,Russ Millions,707831,"['melodic drill', 'uk drill']",66
61bQ4nwIioR8w6PGxzpyY3,Rondodasosa,825612,"['drill italiana', 'italian hip hop', 'trap italiana']",64
33ScadVnbm2X8kkUqOkC6Z,Don Omar,9817807,"['latin hip hop', 'puerto rican pop', 'reggaeton', 'trap latino', 'urbano latino']",80
3SUT1jjM5hzZj9TLfLZGIP,Tego Calderón,4310148,"['latin hip hop', 'rap boricua', 'reggaeton', 'trap latino', 'urbano latino']",70
4Cqia9vrAbm7ANXbJGXsTE,Slash,3004039,"['hard rock', 'rock']",56
771qBvjnXOH9Azr6lKy6FB,Michael Sembello,81231,['hi-nrg'],58
2hR4h1Cao2ueuI7Cx9c7V8,Cavetown,3741836,"['bedroom pop', 'indie pop', 'pov: indie']",69
7EWU4FhUJM1sZQgQKdENeT,Hopsin,2449055,['conscious hip hop'],59
02kJSzxNuaWGqwubyUba0Z,G-Eazy,5188280,"['indie pop rap', 'oakland hip hop', 'pop rap', 'rap']",73
0cGUm45nv7Z6M6qdXYQGTX,Kehlani,7082904,"['pop', 'r&b', 'rap']",72
1vyhD5VmyZ7KMfW5gqLgo5,J Balvin,37669837,"['reggaeton', 'reggaeton colombiano', 'trap latino', 'urbano latino']",84
0TnOYISbd1XYRBk9myaseg,Pitbull,10171130,"['dance pop', 'miami hip hop', 'pop']",81
4nDoRrQiYLoBzwC5BhVJzF,Camila Cabello,31134550,"['dance pop', 'pop']",78
3KV3p5EY4AvKxOlhGHORLg,Jeremih,6467696,"['chicago rap', 'pop rap', 'r&b', 'southern hip hop', 'trap', 'urban contemporary']",71
6d47Z08T4snK50HgTEHo5Z,Sage The Gemini,857492,"['hyphy', 'pop rap', 'southern hip hop', 'trap']",61
2y8Jo9CKhJvtfeKOsYzRdT,Rod Stewart,4291365,"['mellow gold', 'soft rock']",70
360IAlyVv4PCEVjgyMZrxK,Miguel,4728196,['r&b'],77
3hv9jJF3adDNsBSIQDqcjp,Mark Ronson,1031123,['pop soul'],72
5IbEL2xjRtKsunfmsahLuO,$NOT,1387645,"['aesthetic rap', 'cloud rap', 'florida rap', 'underground hip hop']",68
1E4r4z7ivGUcSAnCbINJ9v,Drowning Pool,1878413,"['alternative metal', 'industrial metal', 'nu metal', 'post-grunge', 'rap metal']",60
6fWVd57NKTalqvmjRd2t8Z,24kGoldn,2059819,"['cali rap', 'pop rap']",70
6ASri4ePR7RlsvIQgWPJpS,iann dior,1755749,['melodic rap'],70
47RMRcPX8zWGaiMSZRuOd4,Highsnob,261977,['italian hip hop'],40
6oMuImdp5ZcFhWP0ESe6mG,Migos,13363467,"['atl hip hop', 'hip hop', 'pop rap', 'rap', 'trap']",74
69GGBxA162lTqCwzJG5jLp,The Chainsmokers,20336724,"['electropop', 'pop']",78
23fqKkggKUBHNkbKtXEls4,Kygo,8411088,"['edm', 'pop', 'pop dance', 'tropical house']",77
14XRgLXin9R3eKTNXBNwos,Leon Faun,166788,['italian hip hop'],48
1GDpBWbNymzzLV7BHzaTBL,Duffy,6092,[],45
6jGMq4yGs7aQzuGsMgVgZR,Lil Tjay,6935810,"['brooklyn drill', 'melodic rap', 'nyc rap', 'rap']",80
4IVAbR2w4JJNJDDRFP3E83,6LACK,4375538,"['atl hip hop', 'melodic rap', 'r&b', 'rap', 'trap']",72
7xX15v6ahAkcT14kHfB9wB,True Damage,112975,['k-rap'],44
4obzFoKoKRHIphyHzJ35G3,Becky G,13678282,"['latin pop', 'latin viral pop', 'rap latina', 'reggaeton', 'trap latino', 'urbano latino']",78
2YFBOR9KIxC6WqHclkj9Yq,Keke Palmer,677093,"['pop r&b', 'post-teen pop', 'r&b']",50
6Xg22wJOAcnvPUfk5WvODH,JEON SOYEON,1093718,['k-pop'],51
6I3MElirhT5t6Kf7p0hGk9,Duckwrth,425448,['alternative r&b'],59
1igl9M102nuD96lo3ZoW5d,Thutmose,86182,[],54
47mIJdHORyRerp4os813jD,League of Legends,1635102,"['speedrun', 'video game music']",75
1vgQksyJ0IVz8y9XerEOy3,Madame,654999,"['italian adult pop', 'italian hip hop', 'italian pop', 'trap italiana']",63
6jQZzWW3JlEtcRDSzFVKSP,Nitro,662724,['italian hip hop'],59
0lI3rF4hi4op6UxqlLHPzv,Achille Lauro,905004,"['italian adult pop', 'italian hip hop', 'italian pop']",62
2dAKW1tsAariQ0Ta2gqp8N,Gow Tribe,1406,[],43
2lkP8239tkwRjg5N7d2D0w,Frenetik&Orang3,49965,"['italian hip hop', 'italian indie pop']",45
0ffKEtMDnROKWyJtXUnLbJ,Dani Faiv,357710,['italian hip hop'],51
1VJ0briNOlXRtJUAzoUJdt,FISHER,782649,"['australian house', 'house']",68
1uU7g3DNSbsu0QjSEqZtEd,Masked Wolf,675089,['australian hip hop'],64
1JZTStn7PjC7BHda6lAUV5,Tre Savage,16996,['rage rap'],46
7z8fkGpUDt6eb6fyysRTH9,Skan,86575,['traprun'],49
35dP7ddpwy7mkanF1WnM2g,Krale,10088,['gaming edm'],41
1RdQK73ZgvXjkaBJkibE6X,M.I.M.E,34948,['traprun'],51
1Ars2RdXFbmt04pZ5g2RNr,Drama B,24449,"['deep underground hip hop', 'traprun']",50
2g1JSu9UfRcQQYb3b03Km7,Varien,85126,"['chillstep', 'complextro', 'downtempo', 'filthstep', 'melodic dubstep']",46
2aoybyf3mgYIdVA5sX9TFV,Andrew Zink,973,[],37
6qGkLCMQkNGOJ079iEcC5k,Ben Platt,472522,"['broadway', 'show tunes']",60
1ciw0LLweRvHpU9zhiOYyq,Nyv,52882,['italian pop'],41
0O1cTzccAEKaEFShgzAK9V,Bass Santana,168701,"['miami hip hop', 'underground hip hop']",51
19uEVh7y7Y9RfjMphMamXc,Cooliecut,200574,[],49
6HhsbprrJmKeaH8SgSlGge,Kin$oul,13435,[],51
4boc9WGDp4rS4bObD8WtlU,Urano,8442,['pop virale italiano'],27
0x7qiZJaal6j8qS7yCydFk,Savage Ga$p,203813,['aesthetic rap'],57
4xzXnYAMKDc0rY1CN0plep,Jurrivh,37441,[],48
1UAY1hWd5x69hPVXMXIeri,Murubutu,141680,"['indie rock italiano', 'italian underground hip hop']",44
4r63FhuTkUYltbVAg5TQnk,DaBaby,11042978,"['hip hop', 'north carolina hip hop', 'pop rap', 'rap', 'trap']",79
0hk4xVujcyOr6USD95wcWb,Sick Luke,239745,"['italian hip hop', 'trap italiana']",57
6PXiPeUVFrlaC1n8511ijT,Side Baby,127466,"['italian hip hop', 'trap italiana']",46
3TVXtAsR1Inumwj472S9r4,Drake,78037303,"['canadian hip hop', 'canadian pop', 'hip hop', 'pop rap', 'rap']",94
5NouvRaud9tLKLb6qTlJFr,SADNESS(SNDS),93,[],0
7zfnElBFcdWC87g9HANXQ1,Er Costa,22100,['italian underground hip hop'],26
3egWSWp7Y4FyCKIyvXbw7L,Ghali,2983908,"['italian hip hop', 'italian pop', 'milan indie']",62
62RdOEwjfXjFOQpKdufMR7,Hilight Tribe,153700,['didgeridoo'],53
29zsVzEH33dD5QqxeL8dvy,Vini Vici,495842,['progressive uplifting trance'],62
5Il8YjuVAWkWNH2xgjFMpF,Steve Jablonsky,179717,"['epicore', 'soundtrack']",56
4Rhx0H3w80yqUMSiPfq0Cz,Isyan Tetick,19096,['meme'],36
5AVJt6VYXT4hMRP8D3MRAC,Mighty Oaks,159757,"['folk-pop', 'german indie', 'german indie folk']",47
6Wbrr6GGkNv8VY7RhMBzLI,Cinqve,56,[],0
3mxXfpQtM5ae6HC49FAx1M,Nicole,122,[],10
3XTUciJcdix4GkO9YoBdtP,Holden,100205,"['italian hip hop', 'italian pop', 'pop virale italiano']",42
0fskdccy6fvnWMNMNPqEro,PSICOLOGI,672818,"['italian hip hop', 'italian pop', 'rome indie']",57
5IHCrF13cQEloLpmYjaaqp,Prod by Enemies,584,[],21
7H9TcusDoz60eSTxB0Avxn,Blue Virus,55163,['italian hip hop'],34
54OEro9sWZ3mVfMdlz2CIt,Royal Deluxe,114603,['rebel blues'],48
1GxkXlMwML1oSg5eLPiAz3,Michael Bublé,5953862,"['adult standards', 'canadian pop', 'jazz pop', 'lounge']",70
4rTv3Ejc7hKMtmoBOK1B4T,Ali Gatie,2068200,['canadian hip hop'],66
3EOEK57CV77D4ovYVcmiyt,Dennis Lloyd,646451,['israeli pop'],64
0Xk15jHKly4c3AhPr5vjoA,Alan Silvestri,274186,"['orchestral soundtrack', 'soundtrack']",55
05kigUQCchmbJDmhDiYiS0,Random,327070,[],50
3YQKmKGau1PzlVlkL1iodx,Twenty One Pilots,23917181,"['modern rock', 'pop', 'pov: indie', 'rock']",78
4qIVPF0s71ZYW3qzhu5GkF,Kina,786325,['sad lo-fi'],64
7HBai5xymOxIWoMWvWshe1,Teriyaki Boyz,87873,['japanese old school hip hop'],56
0Y5tJX1MQlPlqiwlOH1tJY,Travis Scott,23429045,"['hip hop', 'rap', 'slap house']",93
7ltDVBr6mKbRvohxheJ9h1,ROSALÍA,7644310,"['pop', 'r&b en espanol']",82
5f7VJjfbwm532GiveGC0ZK,Lil Baby,14889003,"['atl hip hop', 'atl trap', 'rap', 'trap']",85
6ZwxWO5sIiXGPgUKjwyK5m,Luca J,10833,[],20
5tFRohaO5yEsuJxmMnlCO9,Barns Courtney,507721,['modern alternative rock'],60
7oPftvlwr6VrsViSDV7fJY,Green Day,14220340,"['modern rock', 'permanent wave', 'punk', 'rock']",77
4m5yhslp7X1DN31Pjd52In,Rinquore,470,[],20
0VitAFMCI2apQxKzDjg1PU,BLOODY VINYL,161187,"['italian hip hop', 'trap italiana']",49
0zoMmzmyi8N8LwzhyXPvtk,Mara Sattei,123634,"['italian hip hop', 'italian pop']",59
29nrwultxQ8jENVmXoyMqK,Carl Brave,777904,"['italian adult pop', 'italian pop', 'rap napoletano', 'rome indie']",57
0YmQyGKpZgGSDxsC8iEGQU,La rappresentante di lista,103994,"['indie siciliano', 'italian alternative', 'italian indie pop', 'italian pop']",50
1gs79u8PKkWAW1yfymbkTt,MILES,37576,"['italian hip hop', 'trap italiana']",45
5FkcU4BVzPptuB6AjobZIL,Taxi B,84686,"['italian hip hop', 'trap italiana']",49
51ltJZ6rB893AdzgCxSOV3,Greg Willen,38099,"['italian hip hop', 'trap italiana']",44
2wUjUUtkb5lvLKcGKsKqsR,Alessia Cara,11714249,"['canadian contemporary r&b', 'canadian pop', 'pop']",71
6LuN9FCkKOj5PcnpouEgny,Khalid,16079733,"['pop', 'pop r&b']",82
3SEJQy90Vgg1aSnZ9b4AU9,Krizz Kaliko,419736,"['country rap', 'kansas city hip hop']",56
0BEI7i5sgUuivcfwXLzFmM,Serj Tankian,947021,"['alternative metal', 'nu metal']",56
2NOhotupwYbKRNJF7LMDPG,The Jon Spencer Blues Explosion,97640,"['blues rock', 'garage rock', 'punk blues']",40
5icKdCmMhNMYoAzVBAWt39,Dax,1117524,"['canadian hip hop', 'ottawa rap']",65
4tuJ0bMpJh08umKkEXKUI5,Gracie Abrams,1151333,['alt z'],69
6aX6KqXgEcARRHwvWxHcFW,Johnny Orlando,791509,"['boy pop', 'canadian pop', 'singer-songwriter pop', 'social media pop']",57
5pWUVnrc1y0FpWZ6VCy0Hg,kenzie,569452,['social media pop'],56
65U1A6j2pIHfZXLoitJFXz,Claver Gold,96936,"['italian hip hop', 'italian underground hip hop']",43
5iZW5E9q0Iv8t0Phtp887K,Jack Sapienza,3808,[],24
6vWDO969PvNqNYHIOW5v0m,Beyoncé,35455970,"['pop', 'r&b']",85
757aE44tKEUQEqRuT6GnEB,Roddy Ricch,9639301,"['melodic rap', 'rap', 'trap']",76
7GacyaFUp0qkEJglERX9N7,Alfa,518550,['pop virale italiano'],64
6YgYCNwq3DkSXEd6kGxoZW,Yanomi,19467,[],52
6zvul52xwTWzilBZl6BUbT,Pixies,2605689,"['alternative rock', 'boston rock', 'permanent wave', 'rock']",68
64KEffDW9EtZ1y2vBYgq8T,Marshmello,35245104,"['brostep', 'edm', 'pop', 'progressive electro house']",81
1HwM5zlC5qNWhJtM00yXzG,DMX,4512290,"['east coast hip hop', 'gangster rap', 'hardcore hip hop', 'hip hop', 'rap']",68
6Os3fHAI2Fma2UzTD91RU8,Watt White,36358,['rebel blues'],47
6dOgQbtNGEOKGXEsAi0puC,Jorge Quintero,20658,[],41
5v5UYx58FiFAcbWIjZ4kPB,Norman Dück,11472,[],53
64M6ah0SkkRsnPGtGiRAbb,Bebe Rexha,8384481,"['dance pop', 'pop']",79
1hM06YHQ635cZwwUbn7dpk,Fasma,311968,"['emo rap italiano', 'italian hip hop', 'italian pop', 'pop virale italiano']",48
0kbBijEWCi7FWrBpnpOcHd,GG,2226,[],48
6AyATGg7mDgBlZ4N5uNog0,SYML,655566,['modern indie pop'],69
0p0ksmwMDQlAM24TWKu4Ua,Lily Kershaw,40876,['folk-pop'],45
1cwOthlzLBwN8Imbq7P71H,Dotan,174771,['folk-pop'],50
7Do8se3ZoaVqUt3woqqSrD,MACHETE,445126,"['italian hip hop', 'italian pop', 'trap italiana']",53
59KX7XUUgAOOo5IyDjca0T,Verzache,233122,"['lo-fi chill', 'sad lo-fi']",55
7jdFEYD2LTYjfwxOdlVjmc,KALEO,1600324,"['icelandic indie', 'icelandic rock', 'modern alternative rock']",68
5ghnxpW47ojtLHHyTLdxdY,Witt Lowry,571951,['indie pop rap'],58
7s5VTQxNmyThzeyP5YO9rD,Deion Reverie,4016,['charlotte nc indie'],34
7gZfnEnfiaHzxARJ2LeXrf,6ix9ine,6948148,['emo rap'],71
39G9Mcs99KhOEtVuthwztS,Sik World,468090,"['rap', 'sad rap']",53
2jLEscFAP2hVe8fsJ0HO6I,Giuliano Palma,24130,[],40
73jBynjsVtofjRpdpRAJGk,Dimitri Vegas & Like Mike,3409065,"['belgian dance', 'belgian edm', 'big room', 'dutch house', 'edm', 'electro house', 'pop dance', 'progressive electro house']",69
1Cs0zKBU1kc0i8ypK3B9ai,David Guetta,26420266,"['big room', 'dance pop', 'edm', 'pop', 'pop dance']",87
4VMYDCV2IEDYJArk749S6m,Daddy Yankee,33526452,"['latin hip hop', 'reggaeton', 'trap latino', 'urbano latino']",86
3wtMPMvPtiFylbnNXF6CAj,Afro Bros,53098,"['basshall', 'dutch hip hop', 'dutch house']",63
1GDbiv3spRmZ1XdM1jQbT7,NATTI NATASHA,9280844,"['latin pop', 'rap latina', 'reggaeton', 'urbano latino']",71
2HkAI0YrEcgoR8QdaURqhO,Dimitri Vegas,239353,['belgian edm'],61
4pwXiI7Z5ZStkgKowZyoKi,Like Mike,151326,['belgian edm'],51
6DPYiyq5kWVQS4RGwxzPC7,Dr. Dre,10187122,"['g funk', 'gangster rap', 'hip hop', 'rap', 'west coast rap']",78
2HPiMwJktBXqakN0hnON2R,Lous and The Yakuza,205330,['belgian pop'],50
4SGDDnlwi5G42HTGzYl2Fc,2WEI,244963,['epicore'],60
0zJa53LLSg4TcZ5Lm4zFB8,Edda Hayes,12315,[],55
2q3GG88dVwuQPF4FmySr9I,The Score,1320721,"['modern alternative rock', 'pov: indie']",67
4lH0PRAS3yV8O05E5lTqwk,Nahaze,5817,[],45
0vRvGUQVUjytro0xpb26bs,Arizona Zervas,725030,"['pop rap', 'rhode island rap']",64
6Xgp2XMz1fhVYe7i6yNAax,Trippie Redd,8896570,"['melodic rap', 'rap', 'trap']",79
5BcAKTbp20cv7tC5VqPFoC,Macklemore & Ryan Lewis,2641238,"['pop rap', 'seattle hip hop']",72
4e0nWw2r4BoQSKPQ2zpU13,Ray Dalton,53550,['pop dance'],72
35l9BRT7MXmM8bv2WDQiyB,beabadoobee,2312571,"['bedroom pop', 'bubblegrunge', 'indie pop', 'pov: indie']",74
7GKbLXiXTUl3L0WzZVj0vT,Phil Larson,4959,[],36
47z7ZrgFoBvVpCnElCE3Zh,Yellow Claw,1047502,"['edm', 'electro house', 'pop dance']",61
5dHt1vcEm9qb8fCyLcB3HL,A$AP Ferg,3628689,"['hip hop', 'pop rap', 'rap', 'southern hip hop', 'trap']",69
2GaynEwi8XdZuZ372KKsgc,Creek Boyz,12560,['baltimore hip hop'],29
6C1ohJrd5VydigQtaGy5Wa,Joyner Lucas,2061285,"['boston hip hop', 'hip hop', 'pop rap', 'rap']",69
0JnNzCUsHuDcUcBatOzuGP,Sonya Belousova,18082,['soundtrack'],51
2GGcFMw7PABKRpAS0lpYX6,Giona Ostinelli,3107,[],51
3yhgVqRLh6DyzacZyQPNWc,Joey Batey,20725,[],51
7HkdQ0gt53LP4zmHsL0nap,Ella Mai,5119834,"['r&b', 'rap', 'uk contemporary r&b']",68
0BEYTctVmnYa5yStp4Jpab,Destructo,59823,"['bass house', 'electro house']",42
29DWvZyWy1yvU8jpIePBYi,Loge21,17714,['bass house'],26
5K6YsAKuRtcczPgxAdzc3B,Roy Jones Jr.,65809,[],55
4e0Z9S1BolFuwPDnA8wOjF,Mr Magic,5036,[],54
3OMd4I5GX8Hz51SLS0C2Fm,Trouble,2478,[],53
6SSmy635N3a4oWmPk85xpK,Brennan Savage,381141,"['cloud rap', 'dark trap', 'emo rap']",57
23ostNBoB9z6GMXLtHdg7y,Prismo,173497,['bass trap'],49
6TIYQ3jFPwQSRmorSezPxX,Machine Gun Kelly,5116951,"['ohio hip hop', 'pop rap']",76
26VFTg2z8YR0cCuwLzESi2,Halsey,20667873,"['electropop', 'etherpop', 'indie poptimism', 'pop']",80
5fSVkkuijRIpxuvSqysYiP,Snøw,145647,"['sad lo-fi', 'sad rap']",62
61zv3hX7l838ZyhaDyAx8S,Gary Glitter,42080,[],45
6WSTevYt4rGwm8QPKQr7dU,K.A.A.N.,261486,"['deep underground hip hop', 'indie pop rap']",47
46ZKkiF5p7EUjBL0JknTxQ,Konata Small,14047,['christian trap'],36
0rMwQONuoIsaJir7AFSTTZ,Crispin,766,[],32
0r25HIHVcGcaEuJ8s5AK00,Lil Happy Lil Sad,196963,"['cloud rap', 'emo rap']",42
0cbJUnDeqXKecbjZpERngy,Kuroime,196,[],26
3eKw7Bys6mA68PSoKxKwR7,Lil Bo Weep,140767,"['cloud rap', 'emo rap']",41
5RnnKfWQU3C2rTqAIJsJiq,ELHIXIR,917,[],27
3y24n3XhZ96wgwRXjvS17T,Coolio,961874,"['g funk', 'gangster rap', 'hip hop', 'west coast rap']",67
2LhsePRtgCo4THVKULQBL7,L.V.,19048,[],66
7u710e44HW3K7A5eTnRqHC,Fabri Fibra,1375254,"['italian hip hop', 'italian pop', 'rap napoletano']",65
3ddT1Q3KQAm1G7UcIfz5KJ,convolk,200933,"['cloud rap', 'emo rap', 'melodic rap']",49
7ow7nXWCZuMoU09aRki7GB,halberd,29561,"['lo-fi beats', 'lo-fi rap']",44
6zqcGQ6MH6yetBUoquMnL7,guardin,202088,"['cloud rap', 'emo rap']",52
4zxMVHfIt3uZ5e5PTgl0ax,Jakkyboí,5986,['emo rap'],34
597FEAQwddF3kZJ3u9gKFC,9tails,25023,['emo rap'],38
6yhD1KjhLxIETFF7vIRf8B,Against The Current,467324,"['neon pop punk', 'pixie', 'pop punk']",62
5he5w2lnU9x7JFhnwcekXX,Skrillex,8228717,"['brostep', 'complextro', 'edm', 'electro', 'pop dance']",76
4e7qJTThm5uI3CplqZObfT,Birdy Nam Nam,126202,"['filter house', 'turntablism']",48
5XJdV8h0NLbf3CZdfwX3lg,Lord Flacko,1489,[],46
7yNqUSyJGymfJQghNU0zcH,Грибы,142499,"['hard bass', 'russian hip hop', 'ukrainian hip hop']",43
4UOlRVifrFdQHW9qu5ep8t,Tech N9ne Collabos,526634,"['country rap', 'kansas city hip hop']",50
7mAqCk75DUBWgcC0sqhzwX,John 5,93288,"['instrumental rock', 'shred']",38
711MCceyCBcFnzjGY4Q7Un,AC/DC,27031010,"['australian rock', 'hard rock', 'rock']",79
6Hpe3EZqFMWYtJ61D0GjSa,Mellen Gi,20163,[],56
2Eg0o1Mok66akOkuOiGdEv,Zack Hemsey,149235,['epicore'],47
3rExe3A3FzAmYDlQuvW2Wx,Vinnie Paz,265368,"['conscious hip hop', 'philly rap', 'political hip hop']",51
4TCqgEIWd5RsCKItJqt8PL,Chris Rivers,22516,['bronx hip hop'],33
303QjOSvDXowltu7AesyeM,whispers,5,[],26
1hHYi4Vy83BGo6TqKd98hu,Boro,320075,"['italian hip hop', 'italian pop']",56
3WrMBQYO99lzSOhYGPiVoQ,Don Joe,86035,['italian hip hop'],50
4BFn4jmfqSNaHtPWHTcy41,MamboLosco,787798,"['italian pop', 'trap italiana']",62
6D6rjLdxyE5vwhMlkuQq0E,Chaos Chaos,83463,['la indie'],40
6nkziP0t4AGtsBye9poRnv,Kintsugi,571,[],24
4r1DHaB2yIhddOkTF92d1d,NASKA,69246,['emo rap italiano'],54
26T3LtbuGT1Fu9m0eRq5X3,Cage The Elephant,3332403,"['modern alternative rock', 'modern rock', 'pov: indie', 'punk blues', 'rock']",71
6289Bbkkk3gaCbh1K7Rv8F,Izi,915074,"['indie liguria', 'italian hip hop', 'italian pop', 'rap genovese', 'trap italiana']",57
4qWnlmXWuGv2TtuxtIWlJX,BANNERS,603343,['indie poptimism'],63
4Z8W4fKeB5YxbusRsdQVPb,Radiohead,8511351,"['alternative rock', 'art rock', 'melancholia', 'oxford indie', 'permanent wave', 'rock']",78
4PLGCdwxxGsxNXX7G7Spug,STEFAN,8702,['estonian pop'],34
3weLeY2Bu0Eij4k0tQ4EzJ,Alec Chambers,69098,[],40
60rpJ9SgigSd16DOAG7GSa,Billy Ray Cyrus,235805,['country rock'],61
4Umo1uO9VemTgnkjeUhx8c,Enrico Nigiotti,209569,['italian adult pop'],38
1R2iRWvuwwokMKGHirNGTD,Serhat Durmus,354151,"['arab trap', 'turkish trap']",56
0QJ3p787u7KD0ZhD5vzrCA,Anastasio,112454,"['italian hip hop', 'italian pop']",35
0NWbwDZY1VkRqFafuQm6wk,Mike WiLL Made-It,1522214,"['atl hip hop', 'rap', 'southern hip hop', 'trap']",64
0hCNtLu0JehylgoiP8L4Gh,Nicki Minaj,28998634,"['hip pop', 'pop', 'queens hip hop', 'rap']",86
75fIuwXxhZ1atNzWLMrgF0,Tyler Bates,72595,"['orchestral soundtrack', 'soundtrack']",53
4exLIFE8sISLr28sqG1qNX,Travis Barker,427674,['rap rock'],68
2BBgFkNBBMln3m2G2Bm2bt,NSTASIA,19222,[],46
01LfDhfF9mkpmEwRalZCmO,Ryan Star,43848,[],36
1CoZyIx7UvdxT5c8UkMzHd,Jorja Smith,3199774,"['r&b', 'uk contemporary r&b']",72
3LvwPiJQJ0da0GurKMToV0,Baby Gang,981765,['trap italiana'],71
1h6Cn3P4NGzXbaXidqURXs,Swedish House Mafia,3757079,"['edm', 'pop dance', 'progressive electro house']",74
5SfqIMwBJ7wD419vvb33mO,KOPPY,228,[],40
2NjfBq1NflQcKSeiDooVjY,Tones And I,3017072,['australian pop'],68
4IWBUUAFIplrNtaOHcJPRM,James Arthur,12762701,"['pop', 'talent show', 'uk pop']",80
0J7U24vlOOIeMpuaO6Q85A,LP,2616705,"['la pop', ""women's music""]",65
311uEW9rt5g2NmzjGEKS2E,Mae Stephens,128087,['singer-songwriter pop'],65
6JL8zeS1NmiOftqZTRgdTz,Meghan Trainor,13617845,"['hip pop', 'pop']",76
5XKFrudbV4IiuE5WuTPRmT,Stephen Sanchez,776152,['gen z singer-songwriter'],74
4LOM7NzyrZvlGSYPFDsnTk,Dylan,158499,"['alt z', 'uk pop']",49
7EQ0qTo7fWT7DPxmxtSYEc,Bastille,5423487,"['metropopolis', 'modern rock', 'pop']",72
1bqxdqvUtPWZri43cKHac8,MAX,825993,"['singer-songwriter pop', 'viral pop']",65
4GvEc3ANtPPjt1ZJllr5Zl,Bazzi,5493647,['pop'],69
3HsVtnnjOUToyJThxaoBfx,Halle,89767,[],60
5JZ7CnR6gTvEMKX4g70Amv,Lauv,5862889,['pop'],74
49jTY62Cpw3RYo4dLuG43W,Cian Ducrot,320710,"['irish pop', 'singer-songwriter pop']",66
7KMqksf0UMdyA0UCf4R3ux,James Blunt,2839813,"['neo mellow', 'pop rock']",69
2p8QkcgkfvIcUTpudqcqRM,Ele A,7883,[],37
3dA6K34y5FCgngffHJTjpY,Red Roses,258,[],11
7li89GwMwzotfj0bKmNW8R,Serendipity,1816,[],26
2KFv9jOFkybE6VjzZ4Ishe,Still Charles,2859,['emo trap italiana'],26
4OrY83Csdp97sYybqjZTzI,Ascanio,7447,[],32
0LotWLxGlnhsrHsnzzFRw3,JARO,92,[],42
23zg3TcAtWQy7J6upgbUnj,Usher,10661224,"['atl hip hop', 'contemporary r&b', 'dance pop', 'pop', 'r&b', 'rap', 'south carolina hip hop', 'urban contemporary']",77
57LYzLEk2LcFghVwuWbcuS,Summer Walker,5277107,"['r&b', 'rap']",77
2LRoIwlKmHjgvigdNGBHNo,Feid,6643251,"['colombian pop', 'pop reggaeton', 'reggaeton colombiano', 'trap latino', 'urbano latino']",89
2nm38smINjms1LtczR0Cei,Goodboys,49252,"['pop dance', 'uk dance']",68
4Ws2otunReOa6BbwxxpCt6,Benny Benassi,548811,"['edm', 'electro house', 'pop dance']",65
7GZJ2POiwPZoW7UVYjNj8i,Glockenbach,21924,[],55
7nDsS0l5ZAzMedVRKPP8F1,Ella Henderson,1582671,"['dance pop', 'pop dance', 'talent show', 'uk pop']",73
5rGrDvrLOV2VV8SCFVGWlj,Imanbek,190302,"['electro house', 'pop dance', 'slap house']",71
77AiFEVeAVj2ORpC85QVJs,Steve Aoki,3776578,"['edm', 'electro house', 'pop dance']",71
6WGE3kO8ULME2ErBcOksSR,KAAZE,183768,"['big room', 'dutch house', 'progressive electro house', 'sky room']",53
2auikkNYqigWStoHWK1Grq,John Martin,44472,['pop edm'],65
6xlRSRMLgZbsSNd0BMobwy,DENNIS,2139219,"['funk carioca', 'funk das antigas', 'sertanejo universitario']",71
2UMj7NCbuqy1yUZmiSYGjJ,MC Kevin o Chris,3037879,"['funk 150 bpm', 'funk carioca', 'funk rj']",77
790FomKkXshlbRYZFtlgla,KAROL G,37816584,"['reggaeton', 'reggaeton colombiano', 'trap latino', 'urbano latino']",87
1U1el3k54VvEUzo3ybLPlM,Kali Uchis,4984327,['colombian pop'],83
2oQX8QiMXOyuqbcZEFsZfm,El Alfa,3014369,"['dembow', 'rap dominicano', 'reggaeton', 'trap latino', 'urbano latino']",76
39af15p0feaAOdL9DTRj3m,JT,24482,[],55
1SupJlEpv7RS2tPNRaHViT,Nicky Jam,19105032,"['latin hip hop', 'reggaeton', 'trap latino', 'urbano latino']",80
77ziqFxp5gaInVrF2lj4ht,Sech,11824058,"['panamanian pop', 'reggaeton', 'trap latino', 'urbano latino']",79
6XkjpgcEsYab502Vr1bBeW,Grupo Frontera,1455823,['musica chihuahuense'],85
1dKdetem2xEmjgvyymzytS,Grupo Firme,10542727,"['musica mexicana', 'norteno', 'sierreno']",78
13LaDWlkqsIjVkIA9Hdciy,Astol,246069,['pop virale italiano'],42
4Wx3ZL6d6p1gVMtwQ2YWsz,Calmo,475,[],10
7o1XRDbnk24xbZOvVNbn1C,Angela Iris,253,[],11
6icQOAFXDZKsumw3YXyusw,Lil Yachty,9162692,"['atl hip hop', 'melodic rap', 'rap', 'trap']",75
7H9GIU0D6O5oHYTTlKrsAs,MAGENTA FLORA,756,['hyperpop italiano'],8
3YJB9JpmNTmIcCd8RbLWuS,OMÄR,1072,[],13
4hVodcSKHtJWb5fIRvzax7,DANU,2934,[],28
49tQo2QULno7gxHutgccqF,LANY,5595322,['la pop'],70
5NhgsV7qPWHZqYEMKzbYvo,Faouzia,612777,"['alt z', 'canadian pop']",61
7BMR0fwtEvzGtK4rNGdoiQ,Nia Archives,107500,['modern jungle'],58
1CGjnYcvLGQhbAGVIR8aBW,Fre_nky,2513,[],37
2Ny7KtAFxJ0Ac3FPBiClWW,Yunes LaGrintaa,30820,['trap italiana'],43
6KPfd2qfwePi6IM7RyQ3hd,LJK,2105,[],47
44pyDZDAHZP2Tt0kcPHK1S,LILCR,1630,[],32
7jg5p3qrEEKY7fqNzgoJ9K,Baby Sosa,1840,['drill italiana'],23
2ZZkOaLciQrKPqQ9lYm0Yi,Bubu Doc,14516,"['drill italiana', 'trap italiana']",24
2QoU3awHVdcHS8LrZEKvSM,Wilco,711717,"['alternative country', 'alternative rock', 'chicago indie', 'indie rock', 'roots rock', 'stomp and holler']",58
3M0H4efyA5YcijrKlaKbYn,Miles Kane,276727,"['baroque pop', 'british indie rock', 'garage rock', 'modern rock']",56
5Mr3g9Iu3I1jnGYi2ATlH3,Machweo,1270,"['italian electronica', 'italian jazz fusion']",16
6bguntfj9ZnX1lFvSYl72d,Numcha,42123,['thai indie pop'],40
2SWKqo9IFOTHpselJA9646,Sara Zais,52,[],4
55EIo5yMfuqGqppQzEBep1,Santé,152,[],10
36TrrSCgFly6NAvktlI5c9,solomarco,151,[],10
3TSbPuX2fNmCbH5Zkz0gKT,Yuma,502,[],7
5FUuvvK6pzPDOJsRl10Z8p,Martina,353,[],8
4Cm5uxSDfB8It9Rb7QguF4,GRAFFITI,82,[],7
1mNpUnAOSVj0zfZ76OOZLy,Bartowski,232,[],10
6hG077WYgnjPVTkzhD2a9A,Sidea,243,[],11
4mdUjVc6TvMQqIpMe8HaBo,Veronica+,10,[],4
72A0Z8q8NiochyK9gUHpCR,The Kolors,339777,"['italian adult pop', 'italian pop']",63
1K7IC4qha4KEXySo6yZmnH,Michelangelo,577,[],62
2aya6KuqjXEhHBqYKsTPLs,Rose Villain,52222,"['italian hip hop', 'italian pop', 'milan indie']",63
3pgCLfNbw5ozIfoNsvDU7i,Fedez,2026718,"['italian adult pop', 'italian pop']",65
0EqkKYDK9EkKY5N7zU3FPv,Annalisa,1128257,"['italian adult pop', 'italian pop']",68
1Ij5ZIGlPTkoZibay58zHe,Articolo 31,558419,"['italian adult pop', 'italian underground hip hop', 'rap italiano old school']",62
0gzwXezN4IUHAwLufA6YcX,Emma,885289,"['italian adult pop', 'italian pop']",62
76UCIJTB0jcJvBaL0CdIqx,Takagi & Ketra,487984,"['italian adult pop', 'italian pop']",66
1A6HBLulvBFzNtlMb7b08f,Angelina Mango,58961,['italian pop'],60
3GWuJyC9r6Ug0F6jeLzTpY,Finesse,13078,[],61
5rRcnWrevHgbuWjl7Lhft7,Merk & Kremont,96445,"['dutch house', 'electro house', 'progressive electro house', 'sky room']",61
3xGlLcG9CUrs5MvFkSLOS5,Marco Mengoni,1840013,"['italian adult pop', 'italian pop']",67
7GgpsUpkj3olseoaTY7TEY,Elodie,692936,"['italian adult pop', 'italian pop']",64
0L1f9i3L3fkMNENljDOsjG,Rocco Hunt,1637218,"['italian adult pop', 'italian hip hop', 'italian pop', 'pop virale italiano', 'rap napoletano']",66
716NhGYqD1jl2wI1Qkgq36,Bizarrap,11923983,"['argentine hip hop', 'pop venezolano', 'trap argentino', 'trap latino', 'urbano latino']",85
52iwsT98xCoGgiGntTiR7K,Quevedo,2490571,"['rap canario', 'trap latino', 'urbano latino']",85
6cNWiizYLCClZdnIvqU968,AriBeatz,16270,[],62
1i8SpTcr7yvPOmcqrbnVXY,Ozuna,37615237,"['puerto rican pop', 'reggaeton', 'trap latino', 'urbano latino']",86
0GOx72r5AAEKRGQFn3xqXK,GIMS,4034789,"['french hip hop', 'french pop', 'r&b francais', 'rap conscient']",71
2R4kNOwHUUsuDYhKsESVbF,Artie 5ive,65377,['italian hip hop'],63
7FeObngbQ0GY3SojNwKdKn,Bresh,182701,"['italian hip hop', 'italian pop', 'rap genovese']",67
1mcTU81TzQhprhouKaTkpq,Rauw Alejandro,17824833,"['puerto rican pop', 'reggaeton', 'trap latino', 'urbano latino']",88
4az97MtWmBQ5Db3GfDh9j9,Morad,1853950,"['drill espanol', 'urbano espanol']",77
3IW7ScrzXmPvZhB27hmfgy,Jul,7868316,"['french hip hop', 'pop urbaine', 'rap marseille']",80
3HL1CyOnDLFJo1Rr8YBlKy,Mina,765492,"['classic italian pop', 'italian adult pop', 'ye ye']",62
1zNqDE7qDGCsyzJwohVaoX,Anne-Marie,11063833,['pop'],79
6AMd49uBDJfhf30Ak2QR5s,Coi Leray,615857,"['new jersey underground rap', 'trap queen']",78
2mLA48B366zkELXYx7hcDN,Peggy Gou,691228,"['electra', 'float house']",73
59MLbXG0jLVwJup3KAd6m1,Mr.Rain,1029657,"['italian adult pop', 'italian pop']",61
7dL0nOHwnSAsNAwpkPSGWP,sangiovanni,824898,"['italian adult pop', 'italian pop']",61
24oVOFAARWAYUb1LaedbI0,Icy Subzero,116165,['italian hip hop'],59
3lbFUmlaNMa9ZVSabLlkhn,Medy,180846,"['italian hip hop', 'trap italiana']",63
3LZZPxNDGDFVSIPqf4JuEf,Ice Spice,1703299,['bronx drill'],81
6kBjAFKyd0he7LiA5GQ3Gz,Aqua,542409,"['bubblegum dance', 'dance pop', 'eurodance', 'europop']",76
7BgEOZ9w3Y4IMShXTMu1nN,Frah Quintale,602769,"['italian hip hop', 'italian indie pop', 'italian pop', 'milan indie']",64
5YV5crRpcdknHgEzystZHr,SHUNE,5168,['italian hip hop'],63
44DWomjW1oDuxIoBIRpmQ4,Rhove,520248,"['italian hip hop', 'trap italiana']",66
1ZDu0fOcpCIjDwyl2cvk08,Vale Pain,319566,"['italian hip hop', 'trap italiana']",60
4VmOlyJsnQB93ZIGMO2XWo,Madfingerz,1911,[],58
2KLafS2cc489GVGuYm5aE2,Don Pero,36074,"['drill italiana', 'rap siciliano']",54
1McMsnEElThX1knmY4oliG,Olivia Rodrigo,26793926,['pop'],84
0niAkxgT6y57bRbT0Ge94z,LiL CaKe,137069,"['trap argentino', 'trap triste']",67
48R2gYdPKtfnfKAzhSVPUx,Migrantes,302438,['cumbia pop'],69
0uxYECT7XqHNccQAg5Uhe4,Nico Valdi,26918,[],68
6yGn8XOk9ZS6vUFf10sP96,Ntò,111068,['rap napoletano'],46
1H4c9hV4loHbcfQfdQmmzh,Cristiana Dell'Anna,101,[],37
2HHmvvSQ44ePDH7IKVzgK0,Jain,876201,['french pop'],71
06HL4z0CvFAxyc27GXpf02,Taylor Swift,81851122,['pop'],100
7iK8PXO48WeuP03g8YR51W,Myke Towers,12004434,"['reggaeton', 'trap latino', 'urbano latino']",87
5RXnKYBIxi8zcFNCz03T71,Ludwig,86384,"['italian pop', 'pop virale italiano']",51
25uiPmTg16RbhZWAqwLBy5,Charli XCX,2924070,"['art pop', 'candy pop', 'metropopolis', 'pop', 'uk pop']",76
7gW0r5CkdEUMm42w9XpyZO,Laufey,1186408,['gen z singer-songwriter'],75
07PdYoE4jVRF6Ut40GgVSP,Cartel De Santa,14976816,"['latin hip hop', 'mexican hip hop']",76
4yEIQ0lJDgUEfsuYx3Gsmr,La Kelly,4274,[],63
4gzpq5DPGxSnKTe4SA8HAU,Coldplay,46208991,"['permanent wave', 'pop']",87
1m8N1IE2yCPD2SCNpshEwe,YOUTHISENDING,10615,[],57
0Vxqvpm9tpZcz6d4egDtjX,MC PR,67332,"['brega funk', 'funk mtg', 'funk viral']",63
7jqVVRFgBPvHWLnUwfRF6C,MC Pequeno Diamante,820,[],57
56oDRnqbIiwx4mymNEv7dS,Lizzo,5626695,"['escape room', 'minnesota hip hop', 'pop', 'trap queen']",75
582KhTHEVOONNQLmQ5612r,Calcutta ,631878,"['italian adult pop', 'italian indie pop', 'italian pop', 'rome indie']",57
0dzIqD49huTggBCvkduz72,Welo,1440,[],32
4bvY1rC6kHzkbt2ome594m,Scaccia,1066,[],32
4WEY1EtpUsTc7DkeqABuxf,Nathys,2719,[],45
3YwqjMyrRfuixi2pbgTGCE,Heuss L'enfoiré,1442243,"['french hip hop', 'pop urbaine', 'rap francais']",69
6zFMFB1JvNHkHvCSudF4id,S3BZS,37364,[],70
4RVnAU35WRWra6OZ3CbbMA,Kylie Minogue,1751276,"['australian dance', 'australian pop', 'dance pop', 'eurodance', 'new wave pop']",71
4eSMsVzRJHhN1aq0IvZcyn,Gigi D'Alessio,481720,"['canzone napoletana', 'italian adult pop', 'italian pop']",57
0aEGIwEOdAGXZ3lyWdyRs7,Ciccio Merolla,3177,['indie napoletano'],46
5aT3wwdkGD2KcX0oJ3nbfE,Amandha Fox,57,[],44
6USv9qhCn6zfxlBQIYJ9qs,Dominic Fike,1218844,"['alternative pop rock', 'pov: indie']",77
4X89u81dkCXBSGo8i2DhMW,LIBERATO,531173,"['italian hip hop', 'italian indie pop', 'italian pop', 'r&b italiano', 'rap napoletano']",56
6W8rk6H6C3Mcj0lALuLVg1,Robert Grace,154856,['singer-songwriter pop'],54
6Ip8FS7vWT1uKkJSweANQK,Dave,3397556,['uk hip hop'],80
4E2rKHVDssGJm2SCDOMMJB,Doechii,306641,['alternative r&b'],72
1QvK8bFc2WREH4LDlJcJbi,Blackway,38199,['nyc rap'],60
1wqW0IQWC7V7jktcjVHID6,Black Caviar,49629,['pop dance'],60
2o5jDhtHVPhrJdv3cEQ99Z,Tiësto,7037865,"['big room', 'brostep', 'dutch edm', 'edm', 'house', 'pop dance', 'slap house', 'trance']",82
49aaHxvAJ0tCh0F15OnwIl,Loreen,945591,"['europop', 'swedish pop']",70
4GJ6xDCF5jaUqD6avOuQT6,FIFTY FIFTY,1094928,['k-pop girl group'],77
3JhNCzhSMTxs9WLGJJxWOY,Macklemore,2102544,"['pop rap', 'seattle hip hop']",75
4myTppRgh0rojLxx8RycOp,Ryan Lewis,19387,['pop rap'],72
35HMF6Y8dSzNfeJs3X65fw,Alessandra,103304,[],63
6KImCVD70vtIoJWnq6nGn3,Harry Styles,28705440,['pop'],86
49faW2w8eguUIAG5c85KcD,Venerus,103136,"['indie rock italiano', 'italian hip hop', 'italian indie pop', 'italian pop', 'milan indie', 'r&b italiano', 'rome indie']",52
2KkO9uXHF9BVNJASjLekAc,Franco126,332320,"['italian hip hop', 'italian pop', 'rome indie']",57
3bf7Y2it29DeOjXpIibCOe,Zero Assoluto,268581,"['italian adult pop', 'italian pop']",51
064Wlx4YXsDEqEG0o5Hjxg,Stefano Lentini,16053,['italian soundtrack'],48
6lEWyvLmlGZnwDdsUtu13P,Raiz,8523,[],48
4p5WgeiPSPpqPDs7T6OkWf,ANOTR,62661,['dutch tech house'],61
0jqbEIAvdjUOi5Za48pzQG,Abel Balder,1442,[],61
2ih5M0aTrQ97JX1nZuxDQY,Iniko,512349,['high vibe'],64
0EmeFodog0BfCgMzAIvKQp,Shakira,30634583,"['colombian pop', 'dance pop', 'latin pop', 'pop']",86
5YGY8feqx7naU7z4HrwZM6,Miley Cyrus,21687658,['pop'],84
0qpMYTgbXRi1ZcX6vend3T,Jack Black,97623,"['comedy rock', 'comic']",59
1NNRWkhwmcXRimFYSBpB1y,Yng Lvcas,162537,['reggaeton'],76
12GqGscKJx3aE4t07u7eVZ,Peso Pluma,6006176,['sad sierreno'],92
3ZpEKRjHaHANcpk10u6Ntq,Ayra Starr,1676029,['afrobeats'],72
4y5lvMadZv6NAv8RgcCRem,Yung Snapp,40730,[],55
2gW0M5fn2r7Lo4Hn1r8HZ5,Creeds,51663,[],65
6BGAhqSN3qEqlZRpMogAFN,Voleur pnz,882,[],45
5PlfkPxwCpRRWQJBxCa0By,HUGEL,152104,['deep house'],67
1Vr7DTbtTpOp4tn4hAGOYo,Lirico En La Casa,215124,"['dembow', 'rap dominicano']",60
4w9mPW732RnZkoqsy3lRsg,Niky Savage,31834,[],54
1GmsPCcpKgF9OhlNXjOsbS,Lizzy McAlpine,627760,"['alt z', 'boston folk', 'indie pop']",70
78rUTD7y6Cy67W1RVzYs7t,PinkPantheress,2275189,['bedroom pop'],77
3MyFDtqB80WZvbtCZRsekM,Bakermat,396535,"['minimal tech house', 'tropical house']",66
7zpN81tVvPwlHcJSkSCyRa,Young Marco,25490,"['dutch experimental electronic', 'float house']",45
1HY2Jd0NmPuamShAr6KMms,Lady Gaga,27444588,"['art pop', 'dance pop', 'pop']",83
0EUR8jz8L936AEbV2Spkca,Kid Yugi,54064,['italian hip hop'],63
4mAsWDGLUIEdo6imU77WG6,Boomdabash,698804,"['italian adult pop', 'italian pop', 'italian reggae']",63
6sXWE3eSY59H6zy1tiRPue,Paola & Chiara,39625,"['italian adult pop', 'italian pop']",57
0huGjMyP507tBCARyzSkrv,Cordae,1957908,"['hip hop', 'pop rap', 'rap', 'trap', 'underground hip hop']",69
6Ha4aES39QiVjR0L2lwuwq,Yo Gotti,4333986,"['dirty south rap', 'gangster rap', 'memphis hip hop', 'rap', 'southern hip hop', 'tennessee hip hop', 'trap']",64
7z5WFjZAIYejWy0NI5lv4T,Dan + Shay,3018308,"['contemporary country', 'country', 'country road']",71
0fiWOxhsBsQQvFDtxUQWo0,Brett Young,1008806,"['contemporary country', 'country', 'country road']",66
3DGlTwdM5Dim9XQipb3jMf,Jordan Ward,94055,"['chill abstract hip hop', 'indie hip hop', 'indie r&b']",56
0LOK81e9H5lr61HlGGHqwA,XG,727322,['k-pop girl group'],66
4XC335ouK6pXyq4QiIb8bP,Eliza Rose,41866,['house'],60
7B1LLuCQk13H4Mb6CFBftU,The Martinez Brothers,200528,"['deep disco house', 'house', 'minimal tech house', 'minimal techno']",53
5JKePhHHAtaMvBoWuULgm6,Bennett Coast,19814,['chill pop'],48
74slMAMk8L6oMf6OhNyZ8Q,Brenn!,76911,['singer-songwriter pop'],56
2ErsJAz6qJ5cqjoVAvfvaC,Charles Wesley Godwin,65855,[],55
68McnNC9twEtiynOAJRRgZ,Uncle Waffles,281182,"['amapiano', 'sgija']",50
6qF0eiWwQF073J1MuVFs5z,Tony Duardo,1077,[],50
6omm7OGZMQZ2XODf4JVKnQ,Manana,23441,['swazi pop'],37
7CSAqTFm0mlnIQOCtzi6NV,Lusanda,87,[],26
40LHVA5BTQp9RxHOQ9JPYj,Lauren Daigle,2477587,"['ccm', 'christian alternative rock', 'christian music']",67
7FY5V3XMwlNBPitEjXowHQ,Darius Rucker,2461680,"['black americana', 'contemporary country', 'country', 'country road']",66
7FtCyCJCJaxabYO7Uyda5B,Cannons,279344,[],60
2KC9Qb60EaY0kW4eH68vr3,ITZY,5692292,"['k-pop', 'k-pop girl group']",70
6fxyWrfmjcbj5d12gXeiNV,Denzel Curry,2363020,"['dark trap', 'drill', 'hip hop', 'miami hip hop', 'pop rap', 'rap', 'trap', 'underground hip hop']",69
04zbRSHjzlQYvV31SW7qZ4,ICECOLDBISHOP,13234,['indie hip hop'],39
2YOYua8FpudSEiB9s88IgQ,Yung Gravy,1605986,"['meme rap', 'minnesota hip hop']",68
41X1TR6hrK8Q2ZCpp2EqCz,bbno$,1245827,"['canadian hip hop', 'dark trap', 'meme rap']",70
0dlDsD7y6ccmDm8tuWCU6F,Freddie Dredd,1573369,"['aesthetic rap', 'phonk']",72
46VgqDxDEn45y1t0zBS7Do,BABY GRAVY,24384,[],56
1MXZ0hsGic96dWRDKwAwdr,Tyla Yaweh,523504,"['cali rap', 'melodic rap']",58
5szdY7KaSi7epwyffrbV8c,Poolside,258294,"['indie soul', 'indietronica', 'nu disco']",58
6ft7JnxMyZhp7N52qzHymY,Vansire,290326,"['bedroom pop', 'rochester mn indie']",65
4o0pNHbyj36LPvukNqEug0,The Maine,558151,"['neon pop punk', 'pop emo', 'pop punk', 'tempe indie']",58
3KNIG74xSTc3dj0TRy7pGX,Yung Bleu,1380056,"['alabama rap', 'trap']",64
4jwROPSUkTkohLCRiyjiZZ,DESTIN CONRAD,81904,"['alternative r&b', 'indie r&b']",57
2tBWWgGv7H5ymPtJrT1rNu,Σtella,24346,['greek indie'],50
25jJ6vyXwTRa0e6XCcdR6U,Ari Abdul,236533,"['dark r&b', 'sped up']",65
6V267iCF72e4eP1L3ZkKQt,Deadbeat Girl,5902,[],30
5ictveRyhWRs8Gt8Dvt1hS,The Front Bottoms,658088,"['asbury park indie', 'emo', 'new jersey indie', 'pov: indie']",61
2NdeV5rLm47xAvogXrYhJX,Ciara,6240602,"['dance pop', 'hip pop', 'pop', 'r&b', 'urban contemporary']",68
42yf4QkiE9a252krn9OUCb,Sauce Walka,336054,"['houston rap', 'memphis hip hop', 'trap']",52
1IQ4CjwKkdARjL5KtYiMt4,Ez Mil,105675,['pinoy trap'],52
59wfkuBoNyhDMQGCljbUbA,Diddy,1511436,"['dance pop', 'east coast hip hop', 'hip hop', 'hip pop', 'pop rap', 'rap']",70
6roDXEmZ6AARdOUv6x5U2v,Felix Cartal,98754,"['canadian electronic', 'electro house', 'pop dance', 'pop edm']",52
1QOHbhVRpDoNtRkz79si6b,Karen Harding,54343,"['house', 'pop dance', 'uk dance']",56
384r9G0NILqkGrQL8IPMkC,Bathe Alone,9262,"['dreamgaze', 'grungegaze']",47
0F9yMp30FUREoa635VLsY8,Julia Pratt,2402,[],30
69tiO1fG8VWduDl3ji2qhI,Mt. Joy,386310,"['pov: indie', 'stomp and holler']",67
0OEYE03fBF2VoTBxGuaUxL,Chri$tian Gate$,226954,"['sad rap', 'singer-songwriter pop']",63
6WKdhhc03LqnixYI2ZzWzO,Mammoth WVH,98945,[],49
5kVRPeQHKUoQ7ooGlewyXP,audalei,1277,[],25
1A9o3Ljt67pFZ89YtPPL5X,Snoh Aalegra,1047210,"['alternative r&b', 'scandinavian r&b', 'swedish soul']",64
1HcAkAeL4xf02wzAnl7mIV,Michaël Brun,43034,['raboday'],50
1XavfPKBpNjkOfxHINlMHF,Joeboy,1363852,"['afrobeats', 'afropop', 'nigerian pop']",62
24V5UY0nChKpnb1TBPJhCw,Jai Wolf,287511,['electropop'],52
2xe8IXgCTpwHE3eA9hTs4n,BANKS,1049752,"['art pop', 'electropop', 'indie poptimism', 'indietronica', 'shimmer pop']",56
7Gi6gjaWy3DxyilpF1a8Is,Junior H,9175738,"['corrido', 'corridos tumbados', 'musica mexicana', 'sad sierreno', 'sierreno']",87
3g2yaL04Uapb5fxmwsUZgV,Kylie Morgan,92037,['modern country pop'],56
4319F2mBye7whEKPHX8pSm,Savana Santos,4140,[],25
1Yq3rS7K1SQKqjMOHXpqqt,Towa Bird,5392,[],26
1bdnGJxkbIIys5Jhk1T74v,Brandon Lake,281632,"['ccm', 'worship']",66
3gPZCcrc8KG2RuVl3rtbQ2,✝✝✝ (Crosses),240060,['electronic rock'],48
1jBoSSrbz9n4ehQWA4cZgB,Rob49,43889,['new orleans rap'],68
1GVenmuuAtusi17LY6FvgI,Skilla Baby,43029,['detroit hip hop'],55
1bPS827zEKbtWhNcWUMTpO,Tay B,23263,"['detroit hip hop', 'detroit trap']",40
47TMF0JlFsz01KilGzc5Ly,Kalan.FrFr,95653,"['cali rap', 'westcoast flow']",51
5LHRHt1k9lMyONurDHEdrp,Tyga,6876810,"['hip hop', 'pop rap', 'rap', 'trap']",78
6DARBhWbfcS9E4yJzcliqQ,Karan Aujla,5621859,"['desi hip hop', 'punjabi pop']",72
3nqS8jzqmsPKFJTp0BOIel,Ikky,35282,['punjabi pop'],66
5TvdGhdmRObqOkU6eGfXb5,Preston Pablo,20354,[],54
0iqCNJHozJhcjPDoX1EJ6a,marinelli,9193,['modern indie pop'],34
3ajf12ub55b51qcS94d9Co,Orla Gartland,230380,"['indie pop', 'irish pop']",50
5tOWIviwLM1EIqGAbF8VSU,SebastiAn,128237,['filter house'],44
5ae3MM8dgOn3QPHzqFDJlY,Kevin Ross,104865,['pop r&b'],53
7ibAWtDtmEfaVhc1FJ3Vl9,Eric Bellinger,814605,"['pop r&b', 'r&b']",60
6kf69CwzgodrETRgzcjX95,BAMBII,10834,['dancehall queen'],36
5ITI6SEoUZMIXXkzCfr4oE,Aluna,62916,['dance pop'],62
2d6ggH1oVt4z2zCuY2u5DW,Durand Bernarr,68815,['alternative r&b'],46
4jE1yavE4c5IR1hhM4wHhY,No Guidnce,56813,[],49
2hejA1Dkf8v8R0koF44FvW,Gera MX,4348762,"['mexican hip hop', 'rap conciencia']",74
1Q6SZxTvaE3HhslV0iXbI6,Herencia de Patrones,1682658,"['corrido', 'corridos tumbados', 'sad sierreno', 'sierreno']",66
6XpXnnKHIhCOUbOLOJGe6o,REASON,199084,"['indie hip hop', 'underground hip hop']",51
4s8ZGMVf3OiPktSP4ulpqU,9th Wonder,196990,"['alternative hip hop', 'hip hop', 'instrumental hip hop', 'north carolina hip hop']",53
5rDXcEIODl8TgGTgrntnjX,Rexx Life Raj,150724,['cali rap'],50
4JG781pl96pL2h0AoERgOA,Keyon Harrold,12797,"['indie jazz', 'jazz trumpet']",39
0qeCnlpThKmwCQezKhnVQb,Malaya,4647,[],35
5rjz63sgMaAUAyBMyCUK5D,Avery Anna,88665,"['modern country pop', 'singer-songwriter pop']",50
6BpvASijzSWj7gnZD4Dvf1,Priscilla Block,101677,"['contemporary country', 'modern country pop']",58
6meTcQ79DrfkIuSLPZkpBg,The Story So Far,426586,"['alternative emo', 'emo', 'pop punk']",57
13dTrWNNrnZ3AkgNyQNKP5,The Linda Lindas,124628,['riot grrrl'],39
0LyP0Zn0mXLb65AgGOS6EY,Ethan Bortnick,339873,[],52
6w60ExNMjs0gd4ioh7GMRI,BLP KOSHER,112738,[],61
3YYbAExunnHv5pW7GUZefk,DC The Don,274124,"['melodic rap', 'rage rap']",55
7hf5PZjVOqTQ2id3PF7I5Y,B-Lovee,138346,"['bronx drill', 'new york drill']",55
1K15GRZZATsCJyGJ4bYiEz,Luh Tyler,147775,['florida drill'],62
7aFTOGFDEqDtJUCziLVsVC,Nao,628971,"['alternative r&b', 'uk contemporary r&b']",55
5FkUhnHQ0KC63549LHHtst,Skillibeng,289819,"['dancehall', 'jamaican dancehall', 'traphall', 'trinibad']",57
7DgpPXntG6DkNR4hCi4PjP,Chesca,25412,['urbano latino'],41
0KKUc4amZyvswV2YL6WTar,Mariah Angeliq,462432,"['rap latina', 'trap latino', 'urbano latino']",62
6hfwwpXqZPRC9CsKI7qtv1,Alina Baraz,1344854,['etherpop'],63
76KihzDzdR7li8RPVY50EA,Kirnbauer,5445,[],31
7lSGnBub2g8JGbNDgmrXsJ,Joaquina Mertz,3967,[],24
4YJQjp0wW8B5luWzPOcHrG,María Centeno,7798,['guadalajara indie'],27
3kN2uYBnEM2IqRxa69sxkr,Noa Sainz,19508,['r&b en espanol'],34
4eYE8Z6cfEHEdG22lTyucP,Morgan Wade,100734,['modern country pop'],55
1IdbSuYtF7RSaFarmctwoE,King Calaway,11561,['country pop'],32
4e9TBaTlI3LVQz3tkTYC0I,Hailey Whitters,58352,"['contemporary country', 'modern country pop']",57
2o8gT0fQmFxGNbowbdgeZe,DPR IAN,825440,['k-rap'],62
1u5SWpU4mZSziEz2hdPSWQ,Winona Fighter,13336,[],37
